*Frequency 	VOUTLOWNOISE-abs	VOUTLOWNOISE-phase (deg)
1	1,58063699068651E-7	9,05636702516221E-6
1,01250677992347	1,57096137150439E-7	9,00092991251981E-6
1,02516997939099	1,56134641663102E-7	8,94584038024668E-6
1,03799155470737	1,55179175456401E-7	8,89109629973492E-6
1,05097348664451	1,54229701612643E-7	8,83669555581928E-6
1,06411778074737	1,53286183445291E-7	8,78263604646085E-6
1,07742646764383	1,52348584497497E-7	8,7289156829271E-6
1,09090160335837	1,51416868540743E-7	8,67553238939307E-6
1,10454526962972	1,50490999573383E-7	8,62248410317767E-6
1,11835957423249	1,4957094181929E-7	8,569768774406E-6
1,13234665130272	1,48656659726422E-7	8,51738436618505E-6
1,14650866166763	1,4774811796549E-7	8,46532885427023E-6
1,16084779317946	1,46845281428577E-7	8,41360022707318E-6
1,17536626105339	1,45948115227735E-7	8,36219648574922E-6
1,19006630820985	1,45056584693698E-7	8,31111564381553E-6
1,20495020562097	1,44170655374468E-7	8,26035572740441E-6
1,2200202526614	1,43290293034033E-7	8,20991477491225E-6
1,23527877746361	1,42415463651012E-7	8,15979083706063E-6
1,25072813727747	1,41546133417343E-7	8,10998197676657E-6
1,26637071883449	1,40682268736951E-7	8,06048626917391E-6
1,28220893871647	1,39823836224477E-7	8,01130180141853E-6
1,2982452437289	1,3897080270395E-7	7,96242667268698E-6
1,3144821112789	1,38123135207531E-7	7,91385899401139E-6
1,330922049758	1,3728080097419E-7	7,86559688837892E-6
1,34756759892961	1,36443767448476E-7	7,8176384904764E-6
1,36442133032142	1,35612002279218E-7	7,76998194674738E-6
1,38148584762263	1,34785473318293E-7	7,72262541524281E-6
1,39876378708623	1,33964148619368E-7	7,67556706556268E-6
1,41625781793623	1,33147996436652E-7	7,62880507881032E-6
1,43397064278005	1,32336985223674E-7	7,58233764749645E-6
1,45190499802601	1,31531083632025E-7	7,53616297556796E-6
1,4700636543061	1,30730260510201E-7	7,49027927810248E-6
1,48844941690399	1,29934484902321E-7	7,44468478151158E-6
1,50706512618842	1,29143726046978E-7	7,39937772327422E-6
1,52591365805199	1,28357953375996E-7	7,35435635201486E-6
1,54499792435545	1,275771365133E-7	7,30961892724176E-6
1,56432087337758	1,2680124527367E-7	7,26516371949684E-6
1,5838854902706	1,26030249661588E-7	7,22098901021446E-6
1,60369479752138	1,25264119870094E-7	7,17709309156002E-6
1,62375185541839	1,2450282627961E-7	7,13347426643559E-6
1,64405976252442	1,23746339456755E-7	7,0901308485064E-6
1,66462165615534	1,22994630153268E-7	7,04706116190218E-6
1,68544071286471	1,222476693048E-7	7,0042635413848E-6
1,70652014893456	1,21505428029807E-7	6,96173633218965E-6
1,72786322087224	1,20767877628429E-7	6,91947788996109E-6
1,74947322591354	1,20034989581385E-7	6,87748658062109E-6
1,77135350253204	1,19306735548827E-7	6,83576078043021E-6
1,79350743095487	1,18583087369249E-7	6,7942988758782E-6
1,81593843368492	1,17864017058393E-7	6,75309926359868E-6
1,83864997602958	1,17149496808163E-7	6,71216035028507E-6
1,86164556663607	1,16439498985519E-7	6,67148055270549E-6
1,88492875803348	1,15733996131422E-7	6,63105829755316E-6
1,90850314718162	1,1503296095973E-7	6,59089202149369E-6
1,93237237602666	1,14336366356169E-7	6,55098017097392E-6
1,95654013206381	1,13644185377247E-7	6,51132120226931E-6
1,98101014890696	1,12956391249226E-7	6,47191358131688E-6
2,00578620686549	1,12272957367034E-7	6,43275578380378E-6
2,03087213352828	1,11593857293256E-7	6,39384629500104E-6
2,05627180435502	1,10919064757106E-7	6,35518360968428E-6
2,08198914327492	1,10248553653385E-7	6,31676623212749E-6
2,1080281232929	1,09582298041449E-7	6,27859267606459E-6
2,1343927671034	1,0892027214421E-7	6,24066146458966E-6
2,1610871477118	1,08262450347121E-7	6,20297113009945E-6
2,18811538906366	1,07608807197163E-7	6,16552021428625E-6
2,21548166668183	1,06959317401899E-7	6,12830726792031E-6
2,24319020831149	1,06313955828382E-7	6,09133085107364E-6
2,27124529457331	1,05672697502274E-7	6,05458953278336E-6
2,29965125962475	1,05035517606787E-7	6,01808189119466E-6
2,3284124918296	1,04402391481773E-7	5,98180651335698E-6
2,35753343443596	1,03773294622697E-7	5,94576199530558E-6
2,38701858626266	1,03148202679721E-7	5,90994694188943E-6
2,41687250239427	1,02527091456727E-7	5,87435996677496E-6
2,44709979488479	1,01909936910359E-7	5,83899969240071E-6
2,47770513347017	1,01296715149105E-7	5,80386474986625E-6
2,50869324628973	1,00687402432313E-7	5,76895377897287E-6
2,54006892061656	1,00081975169307E-7	5,73426542805692E-6
2,57183700359714	9,94804099184246E-8	5,69979835402138E-6
2,60400240300016	9,88826833861045E-8	5,66555122224543E-6
2,63657008797466	9,82887724259571E-8	5,63152270656856E-6
2,66954508981775	9,7698654037874E-8	5,59771148918317E-6
2,70293250275187	9,71123053671017E-8	5,5641162606284E-6
2,73673748471177	9,65297037033812E-8	5,53073571964856E-6
2,77096525814136	9,59508264799504E-8	5,49756857335711E-6
2,8056211108005	9,53756512727929E-8	5,46461353688997E-6
2,84071039658191	9,48041557996237E-8	5,4318693336225E-6
2,87623853633826	9,42363179190944E-8	5,39933469494119E-6
2,91221101871963	9,36721156298832E-8	5,3670083602647E-6
2,94863340102145	9,31115270698195E-8	5,33488907700228E-6
2,98551131004301	9,25545305150357E-8	5,30297560046943E-6
3,02285044295673	9,20011043791027E-8	5,27126669384768E-6
3,06065656818834	9,14512272121382E-8	5,23976112820331E-6
3,09893552630798	9,09048777000188E-8	5,20845768231933E-6
3,13769323093253	9,03620346635164E-8	5,17735514268228E-6
3,17693566963915	8,98226770573892E-8	5,14645230355896E-6
3,21666890489033	8,928678396965E-8	5,1157479667562E-6
3,25689907497045	8,87543346206714E-8	5,08524094169055E-6
3,29763239493405	8,82253083623496E-8	5,05493004535637E-6
3,33887515756598	8,76996846773283E-8	5,02481410219677E-6
3,38063373435358	8,71774431781738E-8	4,99489194407407E-6
3,42291457647099	8,66585636065139E-8	4,96516241030377E-6
3,46572421577573	8,61430258322589E-8	4,93562434755892E-6
3,50906926581786	8,56308098528554E-8	4,90627660972945E-6
3,55295642286165	8,5121895792382E-8	4,87711805805115E-6
3,59739246692004	8,46162639008226E-8	4,84814756094868E-6
3,64238426280214	8,41138945532761E-8	4,81936399399103E-6
3,6879387611737	8,36147682491319E-8	4,79076623990868E-6
3,73406299963092	8,31188656113387E-8	4,76235318847132E-6
3,78076410378766	8,26261673855973E-8	4,73412373649011E-6
3,82804928837627	8,21366544395589E-8	4,70607678781827E-6
3,87592585836217	8,16503077621514E-8	4,67821125316335E-6
3,92440121007238	8,11671084627007E-8	4,65052605021723E-6
3,97348283233814	8,06870377702614E-8	4,62302010347709E-6
4,02317830765186	8,02100770328059E-8	4,59569234428447E-6
4,07349531333852	7,97362077165187E-8	4,56854171071573E-6
4,12444162274172	7,92654114049675E-8	4,54156714765622E-6
4,17602510642453	7,87976697984989E-8	4,51476760656095E-6
4,22825373338545	7,83329647133391E-8	4,48814204563753E-6
4,28113557228947	7,78712780809784E-8	4,46168942963723E-6
4,33467879271461	7,74125919473985E-8	4,43540872987145E-6
4,38889166641401	7,69568884723189E-8	4,40929892420508E-6
4,44378256859378	7,65041499285427E-8	4,38335899692336E-6
4,49935997920692	7,60543587011253E-8	4,35758793883788E-6
4,55563248426331	7,56074972868252E-8	4,33198474702948E-6
4,61260877715618	7,51635482931987E-8	4,30654842505745E-6
4,67029766000512	7,47224944380648E-8	4,28127798269777E-6
4,72870804501588	7,42843185486709E-8	4,25617243606776E-6
4,78784895585721	7,38490035610521E-8	4,23123080751004E-6
4,84772952905492	7,34165325193853E-8	4,20645212549288E-6
4,90835901540329	7,29868885751788E-8	4,18183542471169E-6
4,9697467813943	7,2560054986667E-8	4,15737974594845E-6
5,03190231066455	7,21360151180967E-8	4,13308413606605E-6
5,09483520546041	7,171475243905E-8	4,10894764796243E-6
5,15855518812142	7,12962505237951E-8	4,08496934049951E-6
5,22307210258231	7,08804930505247E-8	4,06114827856164E-6
5,2883959158937	7,04674638007758E-8	4,03748353291322E-6
5,35453671976194	7,00571466587399E-8	4,01397418018694E-6
5,42150473210812	6,96495256105503E-8	3,99061930289644E-6
5,48931029864662	6,92445847436978E-8	3,96741798931593E-6
5,55796389448341	6,88423082462956E-8	3,94436933352467E-6
5,62747612573428	6,84426804064781E-8	3,92147243531274E-6
5,6978577311634	6,80456856117013E-8	3,89872640019329E-6
5,76911958384227	6,76513083481734E-8	3,87613033928541E-6
5,84127269282955	6,7259533200131E-8	3,85368336935726E-6
5,91432820487171	6,68703448492346E-8	3,83138461275239E-6
5,98829740612519	6,64837280739047E-8	3,80923319737718E-6
6,06319172389986	6,6099667748736E-8	3,78722825661643E-6
6,13902272842445	6,57181488438287E-8	3,76536892933353E-6
6,21580213463401	6,53391564241342E-8	3,74365435985756E-6
6,29354180397969	6,49626756488914E-8	3,7220836978884E-6
6,37225374626119	6,45886917709598E-8	3,7006560985024E-6
6,45195012148216	6,42171901361807E-8	3,67937072213375E-6
6,53264324172871	6,38481561828877E-8	3,65822673442414E-6
6,61434557307153	6,34815754410886E-8	3,63722330637169E-6
6,69706973749169	6,31174335320205E-8	3,61635961414647E-6
6,7808285148306	6,2755716167458E-8	3,59563483913003E-6
6,86563484476434	6,23964091491477E-8	3,57504816784668E-6
6,95150182880269	6,20394983681919E-8	3,55459879194036E-6
7,03844273231309	6,16849698044503E-8	3,53428590814039E-6
7,12647098657005	6,13328095259292E-8	3,51410871823811E-6
7,21560019083004	6,09830036882146E-8	3,49406642903092E-6
7,30584411443247	6,06355385338681E-8	3,47415825229953E-6
7,39721669892683	6,0290400391818E-8	3,45438340479029E-6
7,48973206022649	5,9947575676787E-8	3,43474110817053E-6
7,58340449078947	5,96070508887644E-8	3,4152305889528E-6
7,67824846182639	5,92688126123302E-8	3,39585107853623E-6
7,77427862553614	5,89328475161736E-8	3,37660181309938E-6
7,87150981736942	5,85991423523938E-8	3,35748203366157E-6
7,96995705832066	5,82676839560523E-8	3,33849098595582E-6
8,06963555724855	5,79384592445693E-8	3,31962792042287E-6
8,17056071322563	5,76114552171069E-8	3,30089209221461E-6
8,27274811791726	5,72866589540469E-8	3,28228276113065E-6
8,37621355799032	5,69640576164365E-8	3,26379919158129E-6
8,48097301755205	5,66436384453776E-8	3,24544065259066E-6
8,58704268061942	5,63253887615505E-8	3,22720641770968E-6
8,69443893361934	5,6009295964586E-8	3,20909576503433E-6
8,80317836792013	5,56953475325575E-8	3,19110797714414E-6
8,91327778239471	5,53835310213802E-8	3,17324234110498E-6
9,02475418601584	5,50738340643443E-8	3,15549814838402E-6
9,13762480048372	5,47662443715047E-8	3,13787469486247E-6
9,25190706288657	5,44607497291529E-8	3,12037128079459E-6
9,36761862839445	5,41573379993071E-8	3,10298721075775E-6
9,48477737298674	5,38559971190915E-8	3,08572179367365E-6
9,60340139621374	5,35567151003531E-8	3,06857434268337E-6
9,72350902399289	5,32594800289611E-8	3,0515441752204E-6
9,84511881143981	5,2964280064352E-8	3,03463061293285E-6
9,96824954573486	5,26711034390486E-8	3,01783298162579E-6
10,0929202490255	5,23799384580878E-8	3,00115061125928E-6
10,2191501813652	5,20907734984019E-8	2,98458283597237E-6
10,3469588436884	5,18035970084862E-8	2,96812899394417E-6
10,4763659808235	5,15183975077615E-8	2,95178842743254E-6
10,6073915845434	5,12351635860414E-8	2,93556048275287E-6
10,7400558966533	5,09538839031126E-8	2,9194445101953E-6
10,8743794121185	5,06745471880868E-8	2,90343986407042E-6
11,0103828822301	5,03971422390757E-8	2,88754590257914E-6
11,1480873178112	5,01216579224638E-8	2,87176198790151E-6
11,2875139924627	4,98480831726066E-8	2,85608748605904E-6
11,4286844458494	4,95764069911545E-8	2,84052176697647E-6
11,5716204870284	4,93066184466913E-8	2,8250642043801E-6
11,7163441978176	4,90387066741525E-8	2,80971417581197E-6
11,8628779362072	4,87726608743614E-8	2,79447106258446E-6
12,0112443398143	4,85084703134749E-8	2,77933424978093E-6
12,1614663293793	4,82461243226089E-8	2,76430312616932E-6
12,3135671123075	4,7985612297212E-8	2,74937708424031E-6
12,467570186254	4,77269236967223E-8	2,73455552010957E-6
12,6234993427538	4,74700480438747E-8	2,71983783358753E-6
12,7813786708977	4,72149749244928E-8	2,70522342802198E-6
12,9412325610531	4,69616939867909E-8	2,69071171037185E-6
13,1030857086325	4,67101949408931E-8	2,67630209117872E-6
13,2669631179087	4,6460467558495E-8	2,66199398447584E-6
13,4328901058771	4,62125016723103E-8	2,64778680779692E-6
13,6008923061674	4,59662871756148E-8	2,63367998214127E-6
13,7709956730034	4,57218140217216E-8	2,6196729319699E-6
13,9432264852127	4,54790722235559E-8	2,60576508515906E-6
14,1176113502863	4,52380518532065E-8	2,59195587296594E-6
14,2941772084893	4,49987430414435E-8	2,57824473000987E-6
14,4729513370229	4,47611359772643E-8	2,56463109424215E-6
14,6539613542381	4,45252209073418E-8	2,55111440695687E-6
14,8372352239025	4,4290988135703E-8	2,53769411270841E-6
15,0228012595206	4,40584280232465E-8	2,52436965929707E-6
15,2106881287073	4,3827530987177E-8	2,51114049778703E-6
15,4009248576176	4,3598287500674E-8	2,49800608243262E-6
15,5935408354296	4,3370688092406E-8	2,48496587066737E-6
15,7885658188859	4,31447233460636E-8	2,47201932308559E-6
15,9860299368899	4,2920383899934E-8	2,45916590340968E-6
16,1859636951605	4,26976604464679E-8	2,44640507846123E-6
16,3883979809451	4,2476543731781E-8	2,43373631815698E-6
16,5933640677909	4,2257024555303E-8	2,42115909545196E-6
16,8008936203767	4,20390937692542E-8	2,40867288634604E-6
17,0110186994043	4,18227422783098E-8	2,39627716982444E-6
17,2237717665517	4,16079610390213E-8	2,38397142788452E-6
17,439185689488	4,13947410596342E-8	2,37175514542597E-6
17,6572937469509	4,11830733993054E-8	2,35962781034853E-6
17,878129633888	4,09729491680661E-8	2,34758891339587E-6
18,1017274666622	4,07643595260713E-8	2,33563794824242E-6
18,3281217883223	4,05572956834208E-8	2,32377441138908E-6
18,5573475739393	4,03517488995917E-8	2,31199780218926E-6
18,7894402360098	4,01477104831149E-8	2,30030762279548E-6
19,0244356299267	3,99451717910616E-8	2,28870337816826E-6
19,2623700595183	3,97441242287458E-8	2,27718457601696E-6
19,5032802826571	3,95445592492672E-8	2,26575072679284E-6
19,7472035169379	3,93464683531066E-8	2,25440134366586E-6
19,9941774454282	3,91498430876929E-8	2,24313594251102E-6
20,2442402224889	3,89546750470987E-8	2,23195404185731E-6
20,4974304796693	3,87609558714856E-8	2,2208551629118E-6
20,7537873316751	3,85686772469115E-8	2,20983882947803E-6
21,0133503824107	3,83778309047384E-8	2,19890456799235E-6
21,2761597310982	3,81884086214249E-8	2,18805190744954E-6
21,5422559784716	3,80004022179915E-8	2,17728037942342E-6
21,8116802330493	3,78138035597561E-8	2,16658951801166E-6
22,084474117485	3,76286045558461E-8	2,15597885984406E-6
22,3606797749979	3,74447971588643E-8	2,14544794404874E-6
22,6403398758829	3,72623733646032E-8	2,13499631220733E-6
22,923497624103	3,70813252114868E-8	2,12462350838362E-6
23,2101967639638	3,69016447804455E-8	2,11432907903835E-6
23,500481586871	3,67233241942858E-8	2,10411257307788E-6
23,7943969381734	3,65463556175382E-8	2,0939735417786E-6
24,0919882240908	3,63707312559768E-8	2,08391153879796E-6
24,3933014187282	3,61964433563186E-8	2,07392612013979E-6
24,698383071179	3,60234842058145E-8	2,06401684414815E-6
25,0072803127157	3,58518461320484E-8	2,05418327145113E-6
25,3200408640712	3,56815215024087E-8	2,04442496498576E-6
25,6367130428113	3,55125027237553E-8	2,03474148997496E-6
25,9573457707988	3,53447822422652E-8	2,02513241386451E-6
26,2819885817515	3,51783525428999E-8	2,01559730635032E-6
26,6106916288945	3,50132061492007E-8	2,00613573932953E-6
26,9435056927083	3,48493356228187E-8	1,99674728691374E-6
27,2804821887736	3,46867335633651E-8	1,98743152537047E-6
27,6216731757146	3,45253926079718E-8	1,97818803313138E-6
27,9671313632412	3,43653054309364E-8	1,96901639078161E-6
28,3169101202919	3,4206464743526E-8	1,95991618101565E-6
28,671063483279	3,40488632936554E-8	1,95088698862254E-6
29,029646164436	3,389249386541E-8	1,94192840050398E-6
29,3927135602707	3,37373492789596E-8	1,93304000561095E-6
29,7603217601225	3,35834223901375E-8	1,92422139495211E-6
30,1325275548279	3,34307060901441E-8	1,91547216157679E-6
30,5093884454939	3,32791933052916E-8	1,90679190055068E-6
30,8909626523812	3,31288769967155E-8	1,89818020893951E-6
31,2773091238985	3,2979750160066E-8	1,88963668579778E-6
31,6684875457093	3,2831805825203E-8	1,88116093215744E-6
32,0645583499525	3,26850370559944E-8	1,87275255099762E-6
32,4655827245785	3,25394369499947E-8	1,86441114723889E-6
32,8716226228018	3,23949986381772E-8	1,85613632772791E-6
33,2827407726725	3,22517152846706E-8	1,84792770122237E-6
33,699000686766	3,21095800865381E-8	1,83978487836922E-6
34,1204666719961	3,19685862734331E-8	1,83170747170645E-6
34,5472038395487	3,18287271074255E-8	1,82369509563479E-6
34,9792781149411	3,16899958827302E-8	1,81574736640836E-6
35,4167562482063	3,15523859255047E-8	1,80786390211414E-6
35,8597058242057	3,14158905935086E-8	1,80004432267664E-6
36,3081952730692	3,12805032760273E-8	1,7922882498176E-6
36,7622938807677	3,11462173934616E-8	1,78459530707448E-6
37,2220717998163	3,10130263971825E-8	1,7769651197741E-6
37,687600060112	3,08809237694195E-8	1,76939731500284E-6
38,1589505799074	3,07499030228884E-8	1,76189152162089E-6
38,6361961769207	3,06199577006353E-8	1,75444737024158E-6
39,1194105795853	3,04910813758731E-8	1,74706449321335E-6
39,6086684384399	3,03632676517568E-8	1,73974252461292E-6
40,104045337661	3,02365101610664E-8	1,73248110025319E-6
40,6056178067398	3,0110802566318E-8	1,72527985762625E-6
41,113463332305	2,99861385592117E-8	1,71813843594971E-6
41,6276603700937	2,98625118607124E-8	1,71105647611671E-6
42,1482883570712	2,973991622085E-8	1,70403362069071E-6
42,6754277237038	2,96183454183713E-8	1,69706951392247E-6
43,209159906384	2,94977932607983E-8	1,69016380170827E-6
43,7495673600109	2,93782535840759E-8	1,68331613160935E-6
44,2967335707294	2,92597202526009E-8	1,6765261528173E-6
44,850743068827	2,91421871589356E-8	1,66979351616583E-6
45,4116814417927	2,9025648223707E-8	1,66311787411682E-6
45,9796353475397	2,89100973954716E-8	1,65649888075274E-6
46,5546925277926	2,87955286506125E-8	1,64993619176549E-6
47,1369418216423	2,86819359932009E-8	1,64342946445154E-6
47,7264731792708	2,85693134547612E-8	1,63697835772052E-6
48,3233776758471	2,84576550943142E-8	1,63058253206784E-6
48,9277475255974	2,8346954998256E-8	1,62424164957092E-6
49,539676096051	2,82372072801098E-8	1,61795537390229E-6
50,159257922464	2,8128406080618E-8	1,61172337030009E-6
50,7865887224247	2,80205455674022E-8	1,60554530559453E-6
51,4217654106396	2,7913619935186E-8	1,59942084816468E-6
52,0648861139065	2,78076234054506E-8	1,59334966796733E-6
52,7160501862735	2,77025502265088E-8	1,58733143651479E-6
53,3753582243876	2,75983946733327E-8	1,58136582688401E-6
54,0429120830361	2,74951510475811E-8	1,57545251370262E-6
54,7188148908819	2,73928136774535E-8	1,56959117315679E-6
55,403171066395	2,7291376917791E-8	1,56378148297125E-6
56,0960863339845	2,71908351498052E-8	1,55802312243341E-6
56,7976677403313	2,70911827811302E-8	1,5523157723809E-6
57,5080236709259	2,69924142460043E-8	1,54665911517646E-6
58,2272638668115	2,68945240048474E-8	1,54105283475137E-6
58,9554994415393	2,67975065445618E-8	1,53549661656902E-6
59,6928428983326	2,67013563783344E-8	1,52999014764497E-6
60,4394081474681	2,66060680456901E-8	1,52453311654033E-6
61,195310523873	2,65116361125061E-8	1,51912521336061E-6
61,9606668049432	2,64180551709382E-8	1,5137661297648E-6
62,7355952285839	2,63253198395254E-8	1,50845555895686E-6
63,5202155114754	2,62334247631916E-8	1,50319319568908E-6
64,3146488675685	2,61423646130951E-8	1,49797873628167E-6
65,1190180268101	2,60521340869579E-8	1,49281187859486E-6
65,9334472541036	2,59627279088167E-8	1,48769232206041E-6
66,7580623685062	2,58741408291754E-8	1,48261976767355E-6
67,592990762666	2,57863676251011E-8	1,47759391799202E-6
68,4383614225036	2,56994031001342E-8	1,47261447715396E-6
69,2943049471374	2,56132420845747E-8	1,46768115086087E-6
70,1609535690608	2,55278794352264E-8	1,46279364641291E-6
71,0384411745695	2,5443310035777E-8	1,45795167268524E-6
71,9269033244459	2,53595287966348E-8	1,45315494015625E-6
72,8264772749011	2,52765306552097E-8	1,44840316089569E-6
73,7373019987796	2,5194310575793E-8	1,44369604859029E-6
74,6595182070285	2,51128635498362E-8	1,43903331853446E-6
75,5932683704358	2,50321845959737E-8	1,4344146876449E-6
76,5386967416402	2,49522687600347E-8	1,42983987447689E-6
77,4959493774169	2,48731111153425E-8	1,42530859921652E-6
78,4651741612403	2,47947067627897E-8	1,42082058369379E-6
79,4465208261313	2,47170508307338E-8	1,41637555141111E-6
80,4401409777887	2,46401384754851E-8	1,41197322752327E-6
81,4461881180105	2,45639648811139E-8	1,40761333887514E-6
82,4648176684076	2,44885252598858E-8	1,40329561398837E-6
83,4961869944151	2,44138148521469E-8	1,39901978309416E-6
84,5404554296028	2,43398289266371E-8	1,39478557813194E-6
85,5977843002904	2,42665627806763E-8	1,39059273275979E-6
86,6683369504704	2,419401174015E-8	1,38644098238113E-6
87,7522787670428	2,4122171159947E-8	1,38233006413729E-6
88,8497772053646	2,40510364239063E-8	1,37825971693901E-6
89,9610018151212	2,39806029450606E-8	1,37422968147576E-6
91,0861242665174	2,39108661658871E-8	1,37023970022569E-6
92,2253183768001	2,38418215585665E-8	1,36628951746628E-6
93,3787601371103	2,37734646249326E-8	1,36237887930827E-6
94,5466277396713	2,37057908969342E-8	1,35850753369304E-6
95,7291016053172	2,36387959368246E-8	1,35467523041111E-6
96,926364411366	2,35724753371457E-8	1,3508817211358E-6
98,1386011198406	2,35068247212804E-8	1,34712675941753E-6
99,3659990060432	2,34418397434661E-8	1,3434101007173E-6
100,608747687487	2,33775160891134E-8	1,33973150241939E-6
101,86703915319	2,3313849474989E-8	1,33609072385446E-6
103,141067793334	2,32508356496363E-8	1,33248752630757E-6
104,431030429296	2,31884703933926E-8	1,32892167305422E-6
105,737126344056	2,31267495187847E-8	1,32539292937171E-6
107,059557312981	2,30656688708078E-8	1,32190106255958E-6
108,398527634998	2,30052243272095E-8	1,31844584196057E-6
109,754244164157	2,29454117985615E-8	1,31502703899581E-6
111,126916341584	2,28862272289359E-8	1,31164442716272E-6
112,516756227842	2,28276665956972E-8	1,30829778208951E-6
113,923978535686	2,27697259103911E-8	1,30498688152205E-6
115,348800663237	2,27124012184004E-8	1,30171150538814E-6
116,791442727568	2,26556885997731E-8	1,29847143579032E-6
118,252127598706	2,25995841692162E-8	1,2952664570509E-6
119,731080934064	2,25440840766074E-8	1,29209635572633E-6
121,228531213305	2,24891845071249E-8	1,28896092064535E-6
122,744709773635	2,24348816817344E-8	1,28585994292699E-6
124,279850845544	2,23811718574767E-8	1,28279321601124E-6
125,83419158899	2,23280513276859E-8	1,27976053569443E-6
127,407972130041	2,22755164225098E-8	1,27676170014837E-6
129,001435597966	2,22235635090624E-8	1,27379650996121E-6
130,614828162801	2,2172188992106E-8	1,27086476814986E-6
132,248399073375	2,21213893137774E-8	1,26796628022579E-6
133,902400695816	2,20711609546752E-8	1,26510085418724E-6
135,577088552542	2,20215004336693E-8	1,26226830058217E-6
137,272721361733	2,1972404308601E-8	1,2594684325238E-6
138,989561077299	2,19238691764007E-8	1,25670106573836E-6
140,727872929352	2,18758916735879E-8	1,25396601859334E-6
142,487925465177	2,1828468476661E-8	1,25126311213271E-6
144,269990590721	2,17815963024147E-8	1,24859217011685E-6
146,0743436126	2,1735271908296E-8	1,24595301906116E-6
147,901263280628	2,16894920928422E-8	1,24334548827176E-6
149,751031830881	2,16442536959843E-8	1,24076940988863E-6
151,623935029301	2,15995535995081E-8	1,23822461892208E-6
153,520262215843	2,15553887274202E-8	1,23571095329483E-6
155,440306349169	2,15117560462959E-8	1,23322825388589E-6
157,384364051914	2,14686525657443E-8	1,23077636456981E-6
159,352735656506	2,14260753385236E-8	1,22835513227341E-6
161,345725251564	2,1384021461398E-8	1,22596440699849E-6
163,363640728878	2,13424880750566E-8	1,22360404188974E-6
165,40679383097	2,13014723647951E-8	1,22127389326772E-6
167,47550019926	2,12609715607444E-8	1,21897382068406E-6
169,570079422824	2,12209829382751E-8	1,2167036869693E-6
171,69085508777	2,11815038183794E-8	1,21446335828288E-6
173,838154827224	2,114253156819E-8	1,21225270415807E-6
176,01231037195	2,11040636010581E-8	1,2100715975673E-6
178,213657601593	2,10660973770633E-8	1,20791991496926E-6
180,442536596571	2,10286304035613E-8	1,20579753635584E-6
182,699291690617	2,09916602350043E-8	1,2037043453308E-6
184,984271523964	2,09551844740167E-8	1,20164022913622E-6
187,297829097217	2,09192007711413E-8	1,19960507873619E-6
189,640321825879	2,08837068252771E-8	1,19759878887195E-6
192,01211159557	2,08487003842509E-8	1,19562125811285E-6
194,413564817936	2,08141792448543E-8	1,19367238893026E-6
196,845052487251	2,07801412533534E-8	1,19175208775299E-6
199,306950237732	2,07465843054792E-8	1,1898602650446E-6
201,799638401572	2,07135063470134E-8	1,18799683535782E-6
204,323502067695	2,06809053737893E-8	1,18616171741316E-6
206,878931141248	2,06487794320831E-8	1,18435483416288E-6
209,466320403833	2,06171266187634E-8	1,18257611286552E-6
212,086069574502	2,0585945081419E-8	1,18082548516181E-6
214,738583371503	2,05552330186718E-8	1,17910288714461E-6
217,424271574808	2,05249886801772E-8	1,17740825944133E-6
220,143549089413	2,04952103669306E-8	1,17574154728589E-6
222,896836009445	2,04658964311524E-8	1,17410270060694E-6
225,684557683052	2,04370452763713E-8	1,17249167410954E-6
228,507144778119	2,04086553575795E-8	1,17090842735493E-6
231,365033348798	2,03807251812718E-8	1,16935292484546E-6
234,258664902877	2,03532533051135E-8	1,16782513612325E-6
237,188486469982	2,03262383381525E-8	1,16632503585019E-6
240,154950670642	2,02996789405725E-8	1,16485260390484E-6
243,158515786211	2,02735738234408E-8	1,16340782547988E-6
246,199645829665	2,02479217487022E-8	1,16199069117176E-6
249,278810617292	2,02227215286375E-8	1,16060119708916E-6
252,396485841266	2,01979720257708E-8	1,15923934494646E-6
255,553153143139	2,01736721522746E-8	1,15790514217475E-6
258,749300188248	2,01498208696499E-8	1,15659860202375E-6
261,985420741053	2,01264171882111E-8	1,15531974367072E-6
265,262014741418	2,01034601663928E-8	1,15406859233522E-6
268,579588381844	2,00809489101492E-8	1,15284517939108E-6
271,938654185671	2,00588825721228E-8	1,15164954248585E-6
275,339731086254	2,00372603508312E-8	1,15048172565961E-6
278,783344507136	2,00160814898486E-8	1,14934177946394E-6
282,270026443215	1,99953452765226E-8	1,14822976109536E-6
285,800315542931	1,99750510411235E-8	1,14714573451488E-6
289,374757191483	1,99551981552146E-8	1,14608977059136E-6
292,993903595084	1,99357860307447E-8	1,14506194722219E-6
296,658313866264	1,99168141181308E-8	1,14406234948426E-6
300,368554110256	1,98982819048325E-8	1,14309106976914E-6
304,125197512443	1,98801889135045E-8	1,14214820793025E-6
307,928824426911	1,98625347002605E-8	1,14123387142577E-6
311,78002246611	1,98453188521461E-8	1,14034817548369E-6
315,679386591627	1,98285409854455E-8	1,13949124324121E-6
319,627519206103	1,98122007427863E-8	1,13866320591776E-6
323,625030246297	1,97962977907747E-8	1,13786420297105E-6
327,672537277312	1,9780831817061E-8	1,13709438226773E-6
331,770665588003	1,97658025273899E-8	1,13635390025253E-6
335,920048287574	1,97512096422543E-8	1,13564292212658E-6
340,121326403387	1,97370528936196E-8	1,13496162202137E-6
344,375148979991	1,97233320208064E-8	1,13431018319353E-6
348,682173179395	1,97100467668582E-8	1,13368879820351E-6
353,043064382585	1,96971968740157E-8	1,1330976691158E-6
357,458496292324	1,968478207934E-8	1,13253700769182E-6
361,929151037225	1,96728021096961E-8	1,1320070355967E-6
366,455719277134	1,96612566766993E-8	1,13150798460331E-6
371,038900309829	1,96501454709195E-8	1,13104009681183E-6
375,679402179049	1,96394681563038E-8	1,13060362485955E-6
380,377941783881	1,96292243635955E-8	1,13019883215219E-6
385,135244989513	1,96194136840017E-8	1,12982599308398E-6
389,952046739366	1,96100356616581E-8	1,12948539328351E-6
394,829091168641	1,96010897864582E-8	1,12917732984465E-6
399,767131719269	1,9592575485927E-8	1,12890211157611E-6
404,766931256317	1,95844921168315E-8	1,12866005925129E-6
409,829262185836	1,95768389559208E-8	1,12845150587326E-6
414,954906574191	1,95696151907155E-8	1,12827679693173E-6
420,144656268876	1,95628199092395E-8	1,1281362906787E-6
425,399313020851	1,95564520895259E-8	1,128030358402E-6
430,719688608397	1,95505105880977E-8	1,12795938471555E-6
436,106604962526	1,95449941281678E-8	1,12792376784786E-6
441,560894293962	1,95399012870277E-8	1,1279239199411E-6
447,083399221705	1,95352304829845E-8	1,12796026735161E-6
452,674972903205	1,95309799608783E-8	1,12803325097401E-6
458,336479166167	1,95271477776535E-8	1,12814332655391E-6
464,068792641995	1,95237317865384E-8	1,12829096502224E-6
469,872798900917	1,95207296208725E-8	1,12847665282682E-6
475,749394588793	1,95181386767717E-8	1,12870089227909E-6
481,699487565637	1,95159560947339E-8	1,12896420191286E-6
487,723997045866	1,95141787409066E-8	1,12926711683854E-6
493,823853740312	1,95128031866538E-8	1,12961018912271E-6
500	1,9511825687901E-8	1,12999398815954E-6
506,253389961733	1,95112421626635E-8	1,13041910106894E-6
512,584989695492	1,95110481682872E-8	1,13088613308718E-6
518,995777353686	1,95112388768721E-8	1,13139570798298E-6
525,486743322256	1,9511809050161E-8	1,13194846847073E-6
532,058890373687	1,95127530127309E-8	1,13254507664558E-6
538,713233821914	1,9514064624612E-8	1,13318621441572E-6
545,450801679183	1,95157372521537E-8	1,13387258395708E-6
552,272634814863	1,95177637378478E-8	1,1346049081746E-6
559,179787116244	1,95201363690678E-8	1,1353839311712E-6
566,173325651358	1,95228468451222E-8	1,13621041873663E-6
573,254330833816	1,95258862433971E-8	1,13708515884019E-6
580,423896589728	1,95292449841112E-8	1,13800896213723E-6
587,683130526696	1,95329127934926E-8	1,13898266249351E-6
595,033154104926	1,95368786659107E-8	1,14000711751673E-6
602,475102810483	1,95411308247372E-8	1,14108320910042E-6
610,0101263307	1,95456566817882E-8	1,14221184398385E-6
617,639388731805	1,95504427951825E-8	1,1433939543317E-6
625,364068638737	1,95554748270444E-8	1,14463049830639E-6
633,185359417245	1,95607374983468E-8	1,14592246068768E-6
641,104469358236	1,95662145443006E-8	1,14727085347369E-6
649,12262186445	1,95718886674227E-8	1,14867671652155E-6
657,241055639452	1,95777414904373E-8	1,15014111818733E-6
665,461024879	1,95837535076382E-8	1,15166515599434E-6
673,783799464806	1,95899040360609E-8	1,15324995730622E-6
682,210665160709	1,95961711654774E-8	1,15489668002672E-6
690,742923811315	1,96025317081822E-8	1,15660651331112E-6
699,381893543115	1,960896114867E-8	1,15838067829086E-6
708,128908968114	1,96154335925452E-8	1,16022042882843E-6
716,985321390023	1,96219217162069E-8	1,16212705227761E-6
725,952499013003	1,96283967163056E-8	1,16410187027335E-6
735,031827153049	1,96348282603837E-8	1,16614623953037E-6
744,224708451995	1,96411844380561E-8	1,16826155266878E-6
753,53256309421	1,96474317135344E-8	1,17044923905859E-6
762,956829025993	1,96535348797478E-8	1,17271076568571E-6
772,498962177726	1,96594570146986E-8	1,17504763803568E-6
782,160436688789	1,96651594401911E-8	1,17746140100135E-6
791,942745135298	1,96706016833451E-8	1,17995363981625E-6
801,84739876069	1,96757414420703E-8	1,18252598100192E-6
811,875927709195	1,96805345539109E-8	1,185180093351E-6
822,029881262213	1,96849349700807E-8	1,1879176889238E-6
832,310828077671	1,96888947344254E-8	1,19074052407554E-6
842,720356432356	1,96923639683362E-8	1,19365040050796E-6
853,260074467279	1,96952908623314E-8	1,19664916634579E-6
863,931610436123	1,9697621675052E-8	1,19973871723816E-6
874,736612956772	1,96993007398447E-8	1,20292099749652E-6
885,67675126602	1,9700270481048E-8	1,2061980012449E-6
896,753715477433	1,97004714389311E-8	1,20957177361754E-6
907,969216842461	1,96998423058941E-8	1,21304441197124E-6
919,324988014791	1,9698319973504E-8	1,21661806713629E-6
930,822783318034	1,96958395919272E-8	1,22029494469275E-6
942,464379016742	1,96923346417376E-8	1,22407730628848E-6
954,25157359081	1,96877370199196E-8	1,22796747098009E-6
966,186188013329	1,96819771401168E-8	1,23196781661093E-6
978,270066031905	1,96749840478328E-8	1,23608078122667E-6
990,505074453481	1,96666855517308E-8	1,24030886452001E-6
1002,89310343275	1,96570083705697E-8	1,24465462932481E-6
1015,43606676414	1,96458782978772E-8	1,2491207031297E-6
1028,13590217751	1,96332203829956E-8	1,2537097796451E-6
1040,99457163746	1,96189591298036E-8	1,25842462040433E-6
1054,01406164645	1,96030187129778E-8	1,26326805640435E-6
1067,1963835517	1,95853232116477E-8	1,26824298978876E-6
1080,5435738559	1,95657968600496E-8	1,27335239557717E-6
1094,05769453183	1,95443643151032E-8	1,27859932343514E-6
1107,74083334091	1,9520950940158E-8	1,2839868994878E-6
1121,59510415575	1,94954831036845E-8	1,28951832818572E-6
1135,62264728666	1,9467888492328E-8	1,29519689421366E-6
1149,82562981238	1,9438096436765E-8	1,30102596444797E-6
1164,2062459148	1,94060382483223E-8	1,30700898997327E-6
1178,76671721798	1,93716475658382E-8	1,31314950813198E-6
1193,50929313133	1,93348607085921E-8	1,31945114465222E-6
1208,43625119714	1,92956170352926E-8	1,32591761580602E-6
1223,54989744239	1,92538593046054E-8	1,33255273064151E-6
1238,85256673509	1,92095340357449E-8	1,33936039326235E-6
1254,34662314486	1,91625918655137E-8	1,34634460517049E-6
1270,03446030828	1,91129878989085E-8	1,35350946766837E-6
1285,91850179857	1,90606820499476E-8	1,36085918432448E-6
1302,00120150008	1,90056393695358E-8	1,36839806350013E-6
1318,28504398733	1,8947830356661E-8	1,37613052094703E-6
1334,77254490887	1,88872312498787E-8	1,38406108246907E-6
1351,46625137593	1,88238242957052E-8	1,39219438665093E-6
1368,36874235588	1,87575979903834E-8	1,40053518766307E-6
1385,48262907068	1,86885472922451E-8	1,4090883581375E-6
1402,81055540025	1,86166738017996E-8	1,41785889211598E-6
1420,35519829095	1,85419859065825E-8	1,42685190808269E-6
1438,11926816913	1,84644988891614E-8	1,43607265206427E-6
1456,10550935982	1,83842349955885E-8	1,44552650082079E-6
1474,31670051073	1,83012234632107E-8	1,45521896511806E-6
1492,75565502151	1,82155005067637E-8	1,46515569308211E-6
1511,42522147837	1,81271092620527E-8	1,47534247363961E-6
1530,32828409417	1,80360996867301E-8	1,48578524005838E-6
1549,46776315399	1,79425284191068E-8	1,49649007357108E-6
1568,84661546626	1,78464585956673E-8	1,50746320708887E-6
1588,46783481957	1,77479596280367E-8	1,51871102902936E-6
1608,33445244517	1,7647106942162E-8	1,53024008722675E-6
1628,44953748523	1,7543981681261E-8	1,54205709295154E-6
1648,81619746702	1,74386703753975E-8	1,55416892503589E-6
1669,43757878299	1,73312645808019E-8	1,56658263410328E-6
1690,31686717679	1,72218604921712E-8	1,57930544690996E-6
1711,45728823549	1,71105585316711E-8	1,59234477079578E-6
1732,86210788787	1,69974629183043E-8	1,60570819825446E-6
1754,53463290893	1,68826812216562E-8	1,61940351162506E-6
1776,47821143082	1,67663239043215E-8	1,63343868789339E-6
1798,69623346002	1,66485038566653E-8	1,64782190362819E-6
1821,19213140107	1,65293359281809E-8	1,66256154004373E-6
1843,96938058685	1,64089364594263E-8	1,67766618818901E-6
1867,03149981546	1,62874228183023E-8	1,69314465426681E-6
1890,38205189383	1,61649129439797E-8	1,70900596510591E-6
1914,02464418814	1,60415249023563E-8	1,7252593737549E-6
1937,96292918109	1,59173764556902E-8	1,74191436522971E-6
1962,20060503619	1,57925846493751E-8	1,75898066240642E-6
1986,74141616907	1,56672654182649E-8	1,77646823206717E-6
2011,58915382593	1,55415332147705E-8	1,79438729109356E-6
2036,74765666926	1,54155006603416E-8	1,81274831282606E-6
2062,22081137086	1,52892782218893E-8	1,83156203358265E-6
2088,01255321226	1,5162973914263E-8	1,85083945933651E-6
2114,12686669272	1,50366930293477E-8	1,8705918725788E-6
2140,56778614473	1,49105378925104E-8	1,89083083933792E-6
2167,33939635731	1,47846076462909E-8	1,91156821638779E-6
2194,445833207	1,46589980613127E-8	1,93281615863796E-6
2221,89128429689	1,45338013740707E-8	1,95458712670163E-6
2249,67998960346	1,44091061508477E-8	1,97689389466742E-6
2277,81624213165	1,42849971770925E-8	1,99974955805644E-6
2306,30438857809	1,41615553711895E-8	2,02316754198237E-6
2335,14883000256	1,40388577214923E-8	2,04716160952106E-6
2364,35402250794	1,39169772454148E-8	2,07174587028578E-6
2393,92447792861	1,37959829692207E-8	2,09693478921566E-6
2423,86476452746	1,36759399270753E-8	2,12274319559096E-6
2454,17950770164	1,35569091779531E-8	2,14918629226734E-6
2484,87339069715	1,34389478388847E-8	2,17627966514585E-6
2515,95115533227	1,33221091330832E-8	2,20403929287526E-6
2547,4176027302	1,32064424514603E-8	2,23248155679964E-6
2579,27759406071	1,3091993426093E-8	2,26162325115258E-6
2611,53605129116	1,29788040142276E-8	2,29148159350758E-6
2644,19795794685	1,28669125914699E-8	2,32207423548316E-6
2677,26835988097	1,27563540528417E-8	2,35341927372225E-6
2710,75236605406	1,2647159920483E-8	2,38553526114103E-6
2744,65514932331	1,25393584568291E-8	2,41844121844924E-6
2778,98194724171	1,24329747821526E-8	2,45215664597827E-6
2813,73806286714	1,23280309954797E-8	2,48670153577692E-6
2848,9288655817	1,22245462979168E-8	2,52209638403107E-6
2884,55979192113	1,21225371175367E-8	2,55836220377259E-6
2920,63634641477	1,20220172350357E-8	2,59552053791901E-6
2957,16410243586	1,19229979094477E-8	2,63359347262854E-6
2994,1487030626	1,18254880032791E-8	2,6726036509884E-6
3031,59586194993	1,17294941064933E-8	2,7125742870436E-6
3069,51136421223	1,16350206588481E-8	2,75352918017756E-6
3107,901067317	1,15420700701366E-8	2,79549272984292E-6
3146,77090198984	1,14506428379626E-8	2,83848995066406E-6
3186,12687313059	1,136073766272E-8	2,88254648791224E-6
3225,97506074108	1,12723515595064E-8	2,9276886333671E-6
3266,32162086435	1,11854799667435E-8	2,97394334156986E-6
3307,17278653577	1,11001168513322E-8	3,02133824648743E-6
3348,53486874584	1,10162548101811E-8	3,06990167857994E-6
3390,4142574153	1,09338851680309E-8	3,11966268230434E-6
3432,81742238217	1,08529980714755E-8	3,17065103404437E-6
3475,75091440134	1,07735825791643E-8	3,22289726049746E-6
3519,22136615654	1,06956267481416E-8	3,27643265751067E-6
3563,23549328502	1,06191177163461E-8	3,3312893093883E-6
3607,80009541502	1,05440417812975E-8	3,38750010868517E-6
3652,92205721624	1,04703844750066E-8	3,44509877649063E-6
3698,60834946341	1,03981306351701E-8	3,50411988321798E-6
3744,86603011324	1,03272644727284E-8	3,56459886991627E-6
3791,70224539473	1,02577696358585E-8	3,62657207011026E-6
3839,12423091319	1,01896292705103E-8	3,69007673219282E-6
3887,13931276807	1,01228260775675E-8	3,75515104237121E-6
3935,75490868471	1,00573423667476E-8	3,82183414818818E-6
3984,97852916033	9,99316010735825E-9	3,89016618263717E-6
4034,81777862428	9,93026097600889E-9	3,96018828887695E-6
4085,28035661282	9,86862640139732E-9	4,03194264556458E-6
4136,37405895863	9,80823760629476E-9	4,10547249282701E-6
4188,10677899516	9,74907564683932E-9	4,18082215888287E-6
4240,48650877602	9,69112144925345E-9	4,25803708733057E-6
4293,5213403097	9,63435584410064E-9	4,33716386511966E-6
4347,21946680967	9,57875959821247E-9	4,41825025123441E-6
4401,58918396006	9,52431344435927E-9	4,5013452060812E-6
4456,63889119736	9,47099810882293E-9	4,58649892163191E-6
4512,37709300792	9,41879433693597E-9	4,67376285231205E-6
4568,81240024185	9,36768291671592E-9	4,7631897466709E-6
4625,95353144328	9,31764470068538E-9	4,85483367984555E-6
4683,80931419722	9,26866062598946E-9	4,94875008684976E-6
4742,38868649337	9,22071173287714E-9	5,04499579668817E-6
4801,70069810687	9,17377918166501E-9	5,14362906733739E-6
4861,75451199645	9,12784426825554E-9	5,24470962160484E-6
4922,5594057199	9,08288843830508E-9	5,34829868389658E-6
4984,12477286743	9,03889330009744E-9	5,45445901789836E-6
5046,46012451277	8,99584063623898E-9	5,56325496522395E-6
5109,5750906826	8,95371241419995E-9	5,67475248501706E-6
5173,47942184419	8,91249079582466E-9	5,78901919457338E-6
5238,18299041177	8,87215814582558E-9	5,90612441096712E-6
5303,69579227169	8,83269703936309E-9	6,02613919373915E-6
5370,02794832665	8,79409026875464E-9	6,14913638866044E-6
5437,18970605923	8,75632084936434E-9	6,27519067259277E-6
5505,19144111505	8,71937202474303E-9	6,40437859948864E-6
5574,04365890562	8,68322727105546E-9	6,5367786475464E-6
5643,75699623134	8,64787030085597E-9	6,67247126756217E-6
5714,34222292473	8,61328506624148E-9	6,81153893249272E-6
5785,81024351421	8,57945576143982E-9	6,95406618827426E-6
5858,17209890877	8,5463668248724E-9	7,1001397059275E-6
5931,43896810361	8,51400294071893E-9	7,24984833497093E-6
6005,62216990716	8,48234904003238E-9	7,40328315818772E-6
6080,73316468968	8,45139030142794E-9	7,56053754776951E-6
6156,78355615377	8,42111215139209E-9	7,72170722288729E-6
6233,78509312699	8,39150026422484E-9	7,88689030870704E-6
6311,74967137691	8,36254056165573E-9	8,05618739690023E-6
6390,68933544882	8,33421921215316E-9	8,2297016076787E-6
6470,61628052652	8,30652262996088E-9	8,40753865340353E-6
6551,54285431626	8,27943747387201E-9	8,58980690379205E-6
6633,48155895435	8,25295064577122E-9	8,77661745277396E-6
6716,44505293856	8,22704928897016E-9	8,96808418704351E-6
6800,44615308371	8,2017207863368E-9	9,16432385632846E-6
6885,49783650171	8,17695275826354E-9	9,36545614545247E-6
6971,61324260633	8,15273306046104E-9	9,57160374819828E-6
7058,80567514313	8,12904978162136E-9	9,78289244305361E-6
7147,08860424466	8,10589124094294E-9	9,99945117085822E-6
7236,47566851146	8,08324598554694E-9	1,02214121144211E-5
7326,98067711904	8,06110278778415E-9	1,04489107801397E-5
7418,61761195126	8,03945064245943E-9	1,06820860816922E-5
7511,40062976028	8,01827876396803E-9	1,09210804258326E-5
7605,34406435367	7,99757658336904E-9	1,11660398003612E-5
7700,46242880878	7,97733374539369E-9	1,1417113864311E-5
7796,77041771481	7,95754010540727E-9	1,16744560404177E-5
7894,28290944294	7,9381857263237E-9	1,19382236099195E-5
7993,01496844492	7,91926087548923E-9	1,2208577809758E-5
8092,98184758024	7,90075602153356E-9	1,2485683932226E-5
8194,19899047253	7,88266183120223E-9	1,27697114271373E-5
8296,68203389545	7,86496916617293E-9	1,30608340065762E-5
8400,44681018836	7,84766907986012E-9	1,3359229752288E-5
8505,50934970214	7,83075281421632E-9	1,36650812257845E-5
8611,88588327586	7,81421179653236E-9	1,39785755812275E-5
8719,59284474399	7,79803763624261E-9	1,42999046811625E-5
8828,64687347543	7,78222212173669E-9	1,46292652151713E-5
8939,06481694398	7,76675721718561E-9	1,49668588215229E-5
9050,86373333109	7,75163505937902E-9	1,53128922118861E-5
9164,06089416114	7,7368479545858E-9	1,56675772991978E-5
9278,67378696964	7,72238837543008E-9	1,60311313287454E-5
9394,72011800491	7,70824895779667E-9	1,64037770125658E-5
9512,21781496335	7,69442249775631E-9	1,67857426672195E-5
9631,18502975917	7,68090194852424E-9	1,71772623550484E-5
9751,64014132854	7,66768041744563E-9	1,75785760289859E-5
9873,60175846897	7,65475116301154E-9	1,79899296810102E-5
9997,08872271409	7,64210759191249E-9	1,84115754943468E-5
10122,1201112444	7,62974325612023E-9	1,88437719994845E-5
10248,7152398347	7,61765185001019E-9	1,92867842341288E-5
10376,8936658375	7,60582720751885E-9	1,97408839071719E-5
10506,6751912054	7,59426329933655E-9	2,02063495667752E-5
10638,0798655491	7,58295423014253E-9	2,0683466772684E-5
10771,1279892358	7,57189423587616E-9	2,11725282728567E-5
10905,8401165246	7,56107768104774E-9	2,16738341845229E-5
11042,2370587425	7,55049905609127E-9	2,21876921797822E-5
11180,339887499	7,54015297475587E-9	2,2714417675843E-5
11320,1699379414	7,53003417153888E-9	2,32543340300217E-5
11461,7488120515	7,52013749915984E-9	2,38077727396107E-5
11605,0983819819	7,51045792607424E-9	2,43750736467303E-5
11750,2407934355	7,5009905340314E-9	2,49565851482926E-5
11897,1984690867	7,49173051566914E-9	2,55526644111768E-5
12045,9941120454	7,48267317215447E-9	2,61636775927654E-5
12196,6507093641	7,47381391086169E-9	2,67900000669395E-5
12349,1915355895	7,4651482430934E-9	2,74320166556749E-5
12503,6401563578	7,45667178184014E-9	2,80901218663547E-5
12660,0204320356	7,44838023958439E-9	2,87647201349479E-5
12818,3565214056	7,44026942613999E-9	2,94562260751517E-5
12978,6728853994	7,43233524653534E-9	3,01650647336628E-5
13140,9942908757	7,42457369893443E-9	3,0891671851689E-5
13305,3458144472	7,41698087259772E-9	3,16364941328433E-5
13471,7528463541	7,40955294588103E-9	3,23999895175497E-5
13640,2410943868	7,40228618427492E-9	3,31826274641082E-5
13810,8365878573	7,39517693847994E-9	3,39848892365345E-5
13983,5656816206	7,38822164252158E-9	3,48072681993293E-5
14158,4550601459	7,38141681189985E-9	3,56502701192892E-5
14335,5317416394	7,37475904177897E-9	3,65144134745205E-5
14514,823082218	7,36824500521037E-9	3,74002297707568E-5
14696,3567801354	7,36187145139291E-9	3,83082638651309E-5
14880,1608800612	7,35563520396898E-9	3,92390742975225E-5
15066,2637774139	7,34953315935307E-9	4,01932336295904E-5
15254,6942227469	7,34356228509754E-9	4,11713287916337E-5
15445,4813261906	7,33771961828976E-9	4,21739614373673E-5
15638,6545619493	7,33200226398402E-9	4,32017483067369E-5
15834,2437728547	7,32640739366546E-9	4,42553215968656E-5
16032,2791749763	7,32093224374619E-9	4,53353293412204E-5
16232,7913622893	7,31557411409356E-9	4,64424357970834E-5
16435,8113114009	7,31033036658875E-9	4,75773218413892E-5
16641,3703863362	7,30519842371687E-9	4,87406853749931E-5
16849,500343383	7,3001757671866E-9	4,9933241735399E-5
17060,233335998	7,29525993657959E-9	5,11557241179737E-5
17273,6019197744	7,29044852802859E-9	5,24088840056476E-5
17489,6390574705	7,28573919292444E-9	5,36934916070808E-5
17708,3781241032	7,28112963665106E-9	5,50103363032497E-5
17929,8529121028	7,27661761734768E-9	5,63602271023727E-5
18154,0976365346	7,27220094469822E-9	5,77439931030691E-5
18381,1469403839	7,26787747874677E-9	5,91624839656034E-5
18611,0358999081	7,26364512873985E-9	6,06165703910386E-5
18843,800030056	7,25950185199325E-9	6,21071446080434E-5
19079,4752899537	7,25544565278402E-9	6,36351208670885E-5
19318,0980884603	7,25147458126759E-9	6,52014359416864E-5
19559,7052897927	7,2475867324182E-9	6,68070496362515E-5
19804,3342192199	7,2437802449929E-9	6,84529453001195E-5
20052,0226688305	7,24005330051918E-9	7,01401303471619E-5
20302,8089033699	7,23640412230436E-9	7,18696367803322E-5
20556,7316661525	7,23283097446782E-9	7,3642521720418E-5
20813,8301850468	7,22933216099476E-9	7,5459867938124E-5
21074,1441785356	7,22590602481049E-9	7,73227843885022E-5
21337,7138618519	7,22255094687709E-9	7,9232406746634E-5
21604,579953192	7,21926534530842E-9	8,11898979432524E-5
21874,7836800055	7,21604767450708E-9	8,31964486989235E-5
22148,3667853647	7,21289642431923E-9	8,52532780551037E-5
22425,3715344135	7,20981011920965E-9	8,73616339003006E-5
22705,8407208963	7,206787317455E-9	8,95227934892402E-5
22989,8176737698	7,20382661035536E-9	9,17380639527543E-5
23277,3462638963	7,20092662146413E-9	9,40087827958045E-5
23568,4709108211	7,1980860058349E-9	9,63363183807346E-5
23863,2365896354	7,19530344928585E-9	9,87220703925326E-5
24161,6888379235	7,1925776676809E-9	0,0001011674702825
24463,8737627987	7,18990740622716E-9	0,000103673981686298
24769,8380480255	7,18729143878859E-9	0,000106243100811902
25079,628961232	7,18472856721505E-9	0,000108876356792492
25393,2943612123	7,18221762068735E-9	0,000111575311998763
25710,8827053198	7,17975745507659E-9	0,000114341562304497
26032,4430569532	7,17734695231874E-9	0,000117176737298627
26358,0250931367	7,17498501980333E-9	0,000120082500436241
26687,6791121938	7,17267058977628E-9	0,000123060549120195
27021,4560415181	7,17040261875648E-9	0,000126112614704127
27359,4074454409	7,16818008696567E-9	0,000129240462406682
27701,5855331975	7,16600199777167E-9	0,000132445891125692
28048,0431669922	7,16386737714421E-9	0,000135730733139945
28398,8338701657	7,16177527312338E-9	0,000139096853684834
28754,0118354629	7,15972475530056E-9	0,000142546150386922
29113,6319334058	7,15771491431092E-9	0,000146080552540771
29477,7497207697	7,15574486133792E-9	0,000149702020209967
29846,4214491663	7,1538137276292E-9	0,000153412543132304
30219,7040737341	7,15192066402363E-9	0,0001572141394073
30597,6552619365	7,15006484048906E-9	0,000161108853942018
30980,3334024716	7,1482454456713E-9	0,000165098756629054
31367,7976142919	7,14646168645284E-9	0,000169185940227947
31760,1077557377	7,1447127875223E-9	0,000173372517918791
32157,3244337842	7,14299799095346E-9	0,000177660620493985
32559,509013405	7,14131655579429E-9	0,000182052393151023
32966,7236270518	7,13966775766518E-9	0,000186549991846071
33379,031184253	7,13805088836679E-9	0,000191155579164703
33796,495381333	7,13646525549653E-9	0,000195871319662501
34219,1807112518	7,13491018207427E-9	0,00020069937462462
34647,1524735687	7,13338500617647E-9	0,000205641896189282
35080,4767845304	7,13188908057871E-9	0,000210701020776289
35519,2205872847	7,13042177240666E-9	0,000215878861757326
35963,4516622229	7,12898246279478E-9	0,000221177501300528
36413,2386374506	7,12757054655324E-9	0,000226598981317649
36868,6509993898	7,12618543184216E-9	0,000232145293437719
37329,7591035142	7,12482653985339E-9	0,000237818367927059
37796,6341852179	7,12349330449986E-9	0,000243620061471612
38269,3483708201	7,12218517211169E-9	0,00024955214373389
38747,9746887084	7,1209016011395E-9	0,000255616282593896
39232,5870806201	7,11964206186439E-9	0,000261814027980905
39723,2604130656	7,11840603611456E-9	0,000268146794201559
40220,0704888944	7,11719301698844E-9	0,000274615840669259
40723,0940590053	7,11600250858411E-9	0,000281222250941143
41232,4088342038	7,11483402573474E-9	0,000287966909971435
41748,0934972075	7,11368709375037E-9	0,000294850479495348
42270,2277148014	7,1125612481651E-9	0,00030187337146481
42798,8921501452	7,1114560344904E-9	0,000309035719468393
43334,1684752351	7,11037100797371E-9	0,000316337348081509
43876,1393835213	7,10930573336264E-9	0,000323777740111798
44424,8886026823	7,10825978467439E-9	0,00033135600172729
44980,5009075606	7,10723274497043E-9	0,000339070825483907
45543,0621332587	7,10622420613609E-9	0,000346920451303221
46112,6591884001	7,1052337686652E-9	0,000354902625492929
46689,3800685553	7,10426104144946E-9	0,000363014557951389
47273,3138698357	7,10330564157247E-9	0,000371252877754155
47864,5508026587	7,10236719410839E-9	0,00037961358738585
48463,182205683	7,10144533192499E-9	0,000388092015954432
49069,3005599203	7,10053969549096E-9	0,00039668277180768
49682,9995030216	7,09964993268767E-9	0,000405379695063244
50304,3738437435	7,09877569862477E-9	0,000414175810662327
50933,519576595	7,09791665545992E-9	0,000423063282663668
51570,533896667	7,09707247222251E-9	0,000432033370605643
52215,5152146482	7,09624282464101E-9	0,000441076388878603
52868,5631720282	7,09542739497419E-9	0,000450181670163623
53529,7786564906	7,0946258718458E-9	0,000459337534104344
54199,2638174992	7,09383795008285E-9	0,000468531262479838
54877,1220820785	7,09306333055732E-9	0,000477749082233786
55563,4581707922	7,09230172003111E-9	0,000486976157781934
56258,378113921	7,09155283100438E-9	0,000496196594058691
56961,9892678428	7,09081638156689E-9	0,000505393451767216
57674,4003316185	7,09009209525242E-9	0,000514548776258409
58395,721363784	7,08937970089641E-9	0,000523643641374548
59126,0637993528	7,08867893249608E-9	0,000532658209444869
59865,5404670321	7,08798952907379E-9	0,000541571808413003
60614,2656066526	7,08731123454292E-9	0,000550363026796431
61372,3548868175	7,0866437975764E-9	0,000559009826837414
62139,9254227718	7,08598697147794E-9	0,000567489675793562
62917,0957944951	7,08534051405574E-9	0,00057577969484973
63703,9860650204	7,08470418749862E-9	0,000583856824615274
64500,7177989832	7,08407775825451E-9	0,000591698005622025
65307,4140814006	7,08346099691135E-9	0,000599280371671711
66124,1995366872	7,08285367808E-9	0,000606581453327619
66951,2003479079	7,08225558027961E-9	0,000613579388322059
67788,544276271	7,08166648582491E-9	0,000620253135191374
68636,3606808664	7,08108618071547E-9	0,000626582686081346
69494,7805386497	7,08051445452717E-9	0,000632549274408621
70363,9364646761	7,07995110030538E-9	0,000638135572946976
71243,9627325887	7,07939591446004E-9	0,000643325877941086
72134,9952953607	7,0788486966626E-9	0,000648106275046933
73037,1718063	7,07830924974458E-9	0,000652464783254386
73950,6316403138	7,07777737959788E-9	0,000656391473459364
74875,5159154404	7,0772528950767E-9	0,000659878558994301
75811,9675146508	7,07673560790094E-9	0,000662920456179058
76760,1311079214	7,07622533256126E-9	0,000665513813778189
77720,1531745844	7,07572188622538E-9	0,000667657511115187
78692,1820259569	7,07522508864597E-9	0,000669352625452454
79676,3678282531	7,07473476206975E-9	0,000670602370066541
80672,8626257821	7,07425073114794E-9	0,000671412005189161
81681,8203644387	7,07377282284794E-9	0,000671788724622163
82703,3969154848	7,07330086636615E-9	0,000671741521340429
83737,7500996298	7,07283469304206E-9	0,000671281035762385
84785,0397114122	7,07237413627321E-9	0,000670419390582056
85845,4275438851	7,07191903143144E-9	0,000669170016126286
86919,0774136123	7,07146921577991E-9	0,000667547470132877
88006,155185975	7,07102452839121E-9	0,000665567255658224
89106,8288007964	7,07058481006631E-9	0,000663245640533783
90221,2682982856	7,07014990325434E-9	0,000660599481425169
91349,6458453082	7,06971965197325E-9	0,000657646055127388
92492,1357619822	7,06929390173115E-9	0,000654402899278109
93648,9145486087	7,06887249944838E-9	0,000650887664209979
94820,1609129395	7,06845529338029E-9	0,000647117977210963
96006,0557977853	7,06804213304062E-9	0,000643111320032189
97206,7824089681	7,06763286912544E-9	0,000638884920091354
98422,5262436253	7,06722735343767E-9	0,000634455655469961
99653,4751188658	7,06682543881204E-9	0,000629839973503039
100899,819200786	7,0664269790406E-9	0,000625053822511145
102161,751033848	7,0660318287985E-9	0,000620112596025448
103439,465570624	7,06563984357026E-9	0,000615031088706663
104733,160201917	7,06525087957633E-9	0,000609823463052151
106043,034787251	7,06486479369985E-9	0,000604503225919057
107369,291685752	7,06448144341381E-9	0,000599083213859574
108712,135787404	7,06410068670828E-9	0,000593575586260444
110071,774544707	7,06372238201786E-9	0,000587991825299729
111448,418004723	7,06334638814919E-9	0,000582342741772428
112842,278841526	7,06297256420866E-9	0,00057663848588884
114253,57238906	7,06260076952999E-9	0,000570888562212052
115682,516674399	7,06223086360194E-9	0,000565101847969489
117129,332451439	7,06186270599591E-9	0,000559286614044639
118594,243234991	7,06149615629348E-9	0,000553450548027989
120077,475335321	7,06113107401379E-9	0,000547600778776924
121579,257893105	7,06076731854077E-9	0,000541743902003278
123099,822914833	7,0604047490502E-9	0,000535886006471882
124639,405308646	7,06004322443643E-9	0,000530032700453903
126198,242920633	7,0596826032389E-9	0,000524189138134464
127776,576571569	7,05932274356827E-9	0,000518360045724353
129374,650094124	7,05896350303219E-9	0,000512549747071009
130992,710370526	7,05860473866067E-9	0,000506762188604319
132631,007370709	7,05824630683097E-9	0,000501000963488175
134289,794190922	7,05788806319202E-9	0,000495269334879875
135969,327092835	7,05752986258826E-9	0,000489570258225893
137669,865543127	7,05717155898293E-9	0,00048390640254574
139391,672253568	7,05681300538072E-9	0,000478280170674821
141135,013221607	7,05645405374975E-9	0,000472693718453518
142900,157771466	7,05609455494284E-9	0,000467148972863092
144687,378595741	7,05573435861806E-9	0,000461647649120096
146496,951797541	7,05537331315839E-9	0,000456191266749656
148329,156933132	7,05501126559066E-9	0,000450781164665129
150184,277055128	7,0546480615035E-9	0,000445418515286816
152062,598756221	7,05428354496444E-9	0,000440104337736467
153964,412213456	7,05391755843593E-9	0,000434839510147173
155890,011233055	7,05354994269048E-9	0,000429624781129952
157839,693295813	7,0531805367246E-9	0,000424460780439501
159813,759603051	7,05280917767169E-9	0,000419348028881856
161812,515123148	7,0524357007138E-9	0,000414286947506515
163836,268638656	7,05205993899211E-9	0,000409277866125028
165885,332794002	7,0516817235162E-9	0,000404321031197004
167960,024143787	7,05130088307199E-9	0,000399416613123351
170060,663201693	7,05091724412838E-9	0,000394564712985014
172187,574489995	7,05053063074243E-9	0,000389765368764043
174341,086589697	7,05014086446312E-9	0,000385018561082066
176521,532191292	7,04974776423361E-9	0,000380324218489495
178729,248146162	7,04935114629191E-9	0,00037568222233717
180964,575518612	7,04895082407005E-9	0,000371092411260219
183227,859638567	7,04854660809147E-9	0,000366554585302329
185519,450154915	7,04813830586671E-9	0,000362068509706816
187839,701089524	7,04772572178752E-9	0,000357633918399321
190188,970891941	7,04730865701894E-9	0,000353250517185263
192567,622494756	7,04688690938955E-9	0,000348917986683756
194976,023369683	7,04646027327996E-9	0,00034463598501815
197414,54558432	7,04602853950912E-9	0,000340404150282013
199883,565859634	7,04559149521871E-9	0,000336222102798018
202383,465628158	7,04514892375537E-9	0,000332089447186009
204914,631092918	7,0447006045509E-9	0,000328005774255233
207477,453287095	7,04424631300007E-9	0,000323970662734777
210072,328134438	7,04378582033634E-9	0,000319983680855084
212699,656510426	7,04331889350517E-9	0,000316044387792486
215359,844304199	7,04284529503489E-9	0,000312152334987847
218053,302481263	7,04236478290529E-9	0,00030830706734949
220780,447146981	7,04187711041354E-9	0,000304508124349816
223541,699610853	7,04138202603756E-9	0,000300755041024341
226337,486451603	7,0408792732969E-9	0,000297047348881117
229168,239583083	7,04036859061077E-9	0,000293384576727946
232034,396320997	7,03984971115333E-9	0,000289766251424165
234936,399450458	7,03932236270624E-9	0,000286191898563287
237874,697294396	7,03878626750829E-9	0,000282661043092214
240849,743782819	7,03824114210197E-9	0,000279173209872351
243861,998522933	7,0376866971772E-9	0,000275727924187476
246911,926870156	7,03712263741182E-9	0,000272324712202852
250000	7,03654866130902E-9	0,000268963101379672
 
