*Frequency ;VOUTLOWPOWER-abs;VOUTLOWPOWER-phase (deg)
1;2.23E-07;1.28E-05
1.01250678;2.22E-07;1.27E-05
1.025169979;2.21E-07;1.27E-05
1.037991555;2.21E-07;1.26E-05
1.050973487;2.20E-07;1.26E-05
1.064117781;2.19E-07;1.26E-05
1.077426468;2.19E-07;1.25E-05
1.090901603;2.18E-07;1.25E-05
1.10454527;2.17E-07;1.25E-05
1.118359574;2.17E-07;1.24E-05
1.132346651;2.16E-07;1.24E-05
1.146508662;2.16E-07;1.23E-05
1.160847793;2.15E-07;1.23E-05
1.175366261;2.14E-07;1.23E-05
1.190066308;2.14E-07;1.22E-05
1.204950206;2.13E-07;1.22E-05
1.220020253;2.12E-07;1.22E-05
1.235278777;2.12E-07;1.21E-05
1.250728137;2.11E-07;1.21E-05
1.266370719;2.11E-07;1.21E-05
1.282208939;2.10E-07;1.20E-05
1.298245244;2.10E-07;1.20E-05
1.314482111;2.09E-07;1.20E-05
1.33092205;2.08E-07;1.19E-05
1.347567599;2.08E-07;1.19E-05
1.36442133;2.07E-07;1.19E-05
1.381485848;2.07E-07;1.19E-05
1.398763787;2.06E-07;1.18E-05
1.416257818;2.06E-07;1.18E-05
1.433970643;2.05E-07;1.18E-05
1.451904998;2.05E-07;1.17E-05
1.470063654;2.04E-07;1.17E-05
1.488449417;2.04E-07;1.17E-05
1.507065126;2.03E-07;1.16E-05
1.525913658;2.03E-07;1.16E-05
1.544997924;2.02E-07;1.16E-05
1.564320873;2.02E-07;1.16E-05
1.58388549;2.01E-07;1.15E-05
1.603694798;2.01E-07;1.15E-05
1.623751855;2.00E-07;1.15E-05
1.644059763;2.00E-07;1.14E-05
1.664621656;1.99E-07;1.14E-05
1.685440713;1.99E-07;1.14E-05
1.706520149;1.98E-07;1.14E-05
1.727863221;1.98E-07;1.13E-05
1.749473226;1.97E-07;1.13E-05
1.771353503;1.97E-07;1.13E-05
1.793507431;1.97E-07;1.13E-05
1.815938434;1.96E-07;1.12E-05
1.838649976;1.96E-07;1.12E-05
1.861645567;1.95E-07;1.12E-05
1.884928758;1.95E-07;1.12E-05
1.908503147;1.94E-07;1.11E-05
1.932372376;1.94E-07;1.11E-05
1.956540132;1.94E-07;1.11E-05
1.981010149;1.93E-07;1.11E-05
2.005786207;1.93E-07;1.10E-05
2.030872134;1.92E-07;1.10E-05
2.056271804;1.92E-07;1.10E-05
2.081989143;1.92E-07;1.10E-05
2.108028123;1.91E-07;1.10E-05
2.134392767;1.91E-07;1.09E-05
2.161087148;1.91E-07;1.09E-05
2.188115389;1.90E-07;1.09E-05
2.215481667;1.90E-07;1.09E-05
2.243190208;1.89E-07;1.09E-05
2.271245295;1.89E-07;1.08E-05
2.29965126;1.89E-07;1.08E-05
2.328412492;1.88E-07;1.08E-05
2.357533434;1.88E-07;1.08E-05
2.387018586;1.88E-07;1.08E-05
2.416872502;1.87E-07;1.07E-05
2.447099795;1.87E-07;1.07E-05
2.477705133;1.87E-07;1.07E-05
2.508693246;1.86E-07;1.07E-05
2.540068921;1.86E-07;1.07E-05
2.571837004;1.86E-07;1.06E-05
2.604002403;1.85E-07;1.06E-05
2.636570088;1.85E-07;1.06E-05
2.66954509;1.85E-07;1.06E-05
2.702932503;1.84E-07;1.06E-05
2.736737485;1.84E-07;1.05E-05
2.770965258;1.84E-07;1.05E-05
2.805621111;1.83E-07;1.05E-05
2.840710397;1.83E-07;1.05E-05
2.876238536;1.83E-07;1.05E-05
2.912211019;1.83E-07;1.05E-05
2.948633401;1.82E-07;1.04E-05
2.98551131;1.82E-07;1.04E-05
3.022850443;1.82E-07;1.04E-05
3.060656568;1.81E-07;1.04E-05
3.098935526;1.81E-07;1.04E-05
3.137693231;1.81E-07;1.04E-05
3.17693567;1.81E-07;1.04E-05
3.216668905;1.80E-07;1.03E-05
3.256899075;1.80E-07;1.03E-05
3.297632395;1.80E-07;1.03E-05
3.338875158;1.80E-07;1.03E-05
3.380633734;1.79E-07;1.03E-05
3.422914576;1.79E-07;1.03E-05
3.465724216;1.79E-07;1.02E-05
3.509069266;1.79E-07;1.02E-05
3.552956423;1.78E-07;1.02E-05
3.597392467;1.78E-07;1.02E-05
3.642384263;1.78E-07;1.02E-05
3.687938761;1.78E-07;1.02E-05
3.734063;1.77E-07;1.02E-05
3.780764104;1.77E-07;1.02E-05
3.828049288;1.77E-07;1.01E-05
3.875925858;1.77E-07;1.01E-05
3.92440121;1.76E-07;1.01E-05
3.973482832;1.76E-07;1.01E-05
4.023178308;1.76E-07;1.01E-05
4.073495313;1.76E-07;1.01E-05
4.124441623;1.76E-07;1.01E-05
4.176025106;1.75E-07;1.01E-05
4.228253733;1.75E-07;1.00E-05
4.281135572;1.75E-07;1.00E-05
4.334678793;1.75E-07;1.00E-05
4.388891666;1.75E-07;1.00E-05
4.443782569;1.74E-07;9.99E-06
4.499359979;1.74E-07;9.98E-06
4.555632484;1.74E-07;9.97E-06
4.612608777;1.74E-07;9.96E-06
4.67029766;1.74E-07;9.95E-06
4.728708045;1.73E-07;9.94E-06
4.787848956;1.73E-07;9.93E-06
4.847729529;1.73E-07;9.91E-06
4.908359015;1.73E-07;9.90E-06
4.969746781;1.73E-07;9.89E-06
5.031902311;1.73E-07;9.88E-06
5.094835205;1.72E-07;9.87E-06
5.158555188;1.72E-07;9.86E-06
5.223072103;1.72E-07;9.85E-06
5.288395916;1.72E-07;9.84E-06
5.35453672;1.72E-07;9.83E-06
5.421504732;1.71E-07;9.82E-06
5.489310299;1.71E-07;9.82E-06
5.557963894;1.71E-07;9.81E-06
5.627476126;1.71E-07;9.80E-06
5.697857731;1.71E-07;9.79E-06
5.769119584;1.71E-07;9.78E-06
5.841272693;1.71E-07;9.77E-06
5.914328205;1.70E-07;9.76E-06
5.988297406;1.70E-07;9.75E-06
6.063191724;1.70E-07;9.74E-06
6.139022728;1.70E-07;9.74E-06
6.215802135;1.70E-07;9.73E-06
6.293541804;1.70E-07;9.72E-06
6.372253746;1.69E-07;9.71E-06
6.451950121;1.69E-07;9.70E-06
6.532643242;1.69E-07;9.69E-06
6.614345573;1.69E-07;9.69E-06
6.697069737;1.69E-07;9.68E-06
6.780828515;1.69E-07;9.67E-06
6.865634845;1.69E-07;9.66E-06
6.951501829;1.69E-07;9.66E-06
7.038442732;1.68E-07;9.65E-06
7.126470987;1.68E-07;9.64E-06
7.215600191;1.68E-07;9.63E-06
7.305844114;1.68E-07;9.63E-06
7.397216699;1.68E-07;9.62E-06
7.48973206;1.68E-07;9.61E-06
7.583404491;1.68E-07;9.60E-06
7.678248462;1.68E-07;9.60E-06
7.774278626;1.67E-07;9.59E-06
7.871509817;1.67E-07;9.58E-06
7.969957058;1.67E-07;9.58E-06
8.069635557;1.67E-07;9.57E-06
8.170560713;1.67E-07;9.56E-06
8.272748118;1.67E-07;9.56E-06
8.376213558;1.67E-07;9.55E-06
8.480973018;1.67E-07;9.55E-06
8.587042681;1.66E-07;9.54E-06
8.694438934;1.66E-07;9.53E-06
8.803178368;1.66E-07;9.53E-06
8.913277782;1.66E-07;9.52E-06
9.024754186;1.66E-07;9.51E-06
9.1376248;1.66E-07;9.51E-06
9.251907063;1.66E-07;9.50E-06
9.367618628;1.66E-07;9.50E-06
9.484777373;1.66E-07;9.49E-06
9.603401396;1.66E-07;9.49E-06
9.723509024;1.65E-07;9.48E-06
9.845118811;1.65E-07;9.48E-06
9.968249546;1.65E-07;9.47E-06
10.09292025;1.65E-07;9.46E-06
10.21915018;1.65E-07;9.46E-06
10.34695884;1.65E-07;9.45E-06
10.47636598;1.65E-07;9.45E-06
10.60739158;1.65E-07;9.44E-06
10.7400559;1.65E-07;9.44E-06
10.87437941;1.65E-07;9.43E-06
11.01038288;1.65E-07;9.43E-06
11.14808732;1.64E-07;9.42E-06
11.28751399;1.64E-07;9.42E-06
11.42868445;1.64E-07;9.41E-06
11.57162049;1.64E-07;9.41E-06
11.7163442;1.64E-07;9.41E-06
11.86287794;1.64E-07;9.40E-06
12.01124434;1.64E-07;9.40E-06
12.16146633;1.64E-07;9.39E-06
12.31356711;1.64E-07;9.39E-06
12.46757019;1.64E-07;9.38E-06
12.62349934;1.64E-07;9.38E-06
12.78137867;1.64E-07;9.37E-06
12.94123256;1.64E-07;9.37E-06
13.10308571;1.63E-07;9.37E-06
13.26696312;1.63E-07;9.36E-06
13.43289011;1.63E-07;9.36E-06
13.60089231;1.63E-07;9.35E-06
13.77099567;1.63E-07;9.35E-06
13.94322649;1.63E-07;9.35E-06
14.11761135;1.63E-07;9.34E-06
14.29417721;1.63E-07;9.34E-06
14.47295134;1.63E-07;9.33E-06
14.65396135;1.63E-07;9.33E-06
14.83723522;1.63E-07;9.33E-06
15.02280126;1.63E-07;9.32E-06
15.21068813;1.63E-07;9.32E-06
15.40092486;1.63E-07;9.32E-06
15.59354084;1.63E-07;9.31E-06
15.78856582;1.62E-07;9.31E-06
15.98602994;1.62E-07;9.31E-06
16.1859637;1.62E-07;9.30E-06
16.38839798;1.62E-07;9.30E-06
16.59336407;1.62E-07;9.30E-06
16.80089362;1.62E-07;9.29E-06
17.0110187;1.62E-07;9.29E-06
17.22377177;1.62E-07;9.29E-06
17.43918569;1.62E-07;9.28E-06
17.65729375;1.62E-07;9.28E-06
17.87812963;1.62E-07;9.28E-06
18.10172747;1.62E-07;9.27E-06
18.32812179;1.62E-07;9.27E-06
18.55734757;1.62E-07;9.27E-06
18.78944024;1.62E-07;9.27E-06
19.02443563;1.62E-07;9.26E-06
19.26237006;1.62E-07;9.26E-06
19.50328028;1.62E-07;9.26E-06
19.74720352;1.62E-07;9.25E-06
19.99417745;1.61E-07;9.25E-06
20.24424022;1.61E-07;9.25E-06
20.49743048;1.61E-07;9.25E-06
20.75378733;1.61E-07;9.24E-06
21.01335038;1.61E-07;9.24E-06
21.27615973;1.61E-07;9.24E-06
21.54225598;1.61E-07;9.24E-06
21.81168023;1.61E-07;9.23E-06
22.08447412;1.61E-07;9.23E-06
22.36067977;1.61E-07;9.23E-06
22.64033988;1.61E-07;9.23E-06
22.92349762;1.61E-07;9.22E-06
23.21019676;1.61E-07;9.22E-06
23.50048159;1.61E-07;9.22E-06
23.79439694;1.61E-07;9.22E-06
24.09198822;1.61E-07;9.21E-06
24.39330142;1.61E-07;9.21E-06
24.69838307;1.61E-07;9.21E-06
25.00728031;1.61E-07;9.21E-06
25.32004086;1.61E-07;9.21E-06
25.63671304;1.61E-07;9.20E-06
25.95734577;1.61E-07;9.20E-06
26.28198858;1.61E-07;9.20E-06
26.61069163;1.61E-07;9.20E-06
26.94350569;1.60E-07;9.19E-06
27.28048219;1.60E-07;9.19E-06
27.62167318;1.60E-07;9.19E-06
27.96713136;1.60E-07;9.19E-06
28.31691012;1.60E-07;9.19E-06
28.67106348;1.60E-07;9.19E-06
29.02964616;1.60E-07;9.18E-06
29.39271356;1.60E-07;9.18E-06
29.76032176;1.60E-07;9.18E-06
30.13252755;1.60E-07;9.18E-06
30.50938845;1.60E-07;9.18E-06
30.89096265;1.60E-07;9.17E-06
31.27730912;1.60E-07;9.17E-06
31.66848755;1.60E-07;9.17E-06
32.06455835;1.60E-07;9.17E-06
32.46558272;1.60E-07;9.17E-06
32.87162262;1.60E-07;9.17E-06
33.28274077;1.60E-07;9.16E-06
33.69900069;1.60E-07;9.16E-06
34.12046667;1.60E-07;9.16E-06
34.54720384;1.60E-07;9.16E-06
34.97927811;1.60E-07;9.16E-06
35.41675625;1.60E-07;9.16E-06
35.85970582;1.60E-07;9.15E-06
36.30819527;1.60E-07;9.15E-06
36.76229388;1.60E-07;9.15E-06
37.2220718;1.60E-07;9.15E-06
37.68760006;1.60E-07;9.15E-06
38.15895058;1.60E-07;9.15E-06
38.63619618;1.60E-07;9.15E-06
39.11941058;1.60E-07;9.14E-06
39.60866844;1.60E-07;9.14E-06
40.10404534;1.60E-07;9.14E-06
40.60561781;1.60E-07;9.14E-06
41.11346333;1.60E-07;9.14E-06
41.62766037;1.59E-07;9.14E-06
42.14828836;1.59E-07;9.14E-06
42.67542772;1.59E-07;9.14E-06
43.20915991;1.59E-07;9.13E-06
43.74956736;1.59E-07;9.13E-06
44.29673357;1.59E-07;9.13E-06
44.85074307;1.59E-07;9.13E-06
45.41168144;1.59E-07;9.13E-06
45.97963535;1.59E-07;9.13E-06
46.55469253;1.59E-07;9.13E-06
47.13694182;1.59E-07;9.13E-06
47.72647318;1.59E-07;9.12E-06
48.32337768;1.59E-07;9.12E-06
48.92774753;1.59E-07;9.12E-06
49.5396761;1.59E-07;9.12E-06
50.15925792;1.59E-07;9.12E-06
50.78658872;1.59E-07;9.12E-06
51.42176541;1.59E-07;9.12E-06
52.06488611;1.59E-07;9.12E-06
52.71605019;1.59E-07;9.12E-06
53.37535822;1.59E-07;9.12E-06
54.04291208;1.59E-07;9.11E-06
54.71881489;1.59E-07;9.11E-06
55.40317107;1.59E-07;9.11E-06
56.09608633;1.59E-07;9.11E-06
56.79766774;1.59E-07;9.11E-06
57.50802367;1.59E-07;9.11E-06
58.22726387;1.59E-07;9.11E-06
58.95549944;1.59E-07;9.11E-06
59.6928429;1.59E-07;9.11E-06
60.43940815;1.59E-07;9.11E-06
61.19531052;1.59E-07;9.11E-06
61.9606668;1.59E-07;9.10E-06
62.73559523;1.59E-07;9.10E-06
63.52021551;1.59E-07;9.10E-06
64.31464887;1.59E-07;9.10E-06
65.11901803;1.59E-07;9.10E-06
65.93344725;1.59E-07;9.10E-06
66.75806237;1.59E-07;9.10E-06
67.59299076;1.59E-07;9.10E-06
68.43836142;1.59E-07;9.10E-06
69.29430495;1.59E-07;9.10E-06
70.16095357;1.59E-07;9.10E-06
71.03844117;1.59E-07;9.10E-06
71.92690332;1.59E-07;9.10E-06
72.82647727;1.59E-07;9.10E-06
73.737302;1.59E-07;9.09E-06
74.65951821;1.59E-07;9.09E-06
75.59326837;1.59E-07;9.09E-06
76.53869674;1.59E-07;9.09E-06
77.49594938;1.59E-07;9.09E-06
78.46517416;1.59E-07;9.09E-06
79.44652083;1.59E-07;9.09E-06
80.44014098;1.59E-07;9.09E-06
81.44618812;1.59E-07;9.09E-06
82.46481767;1.59E-07;9.09E-06
83.49618699;1.59E-07;9.09E-06
84.54045543;1.59E-07;9.09E-06
85.5977843;1.59E-07;9.09E-06
86.66833695;1.59E-07;9.09E-06
87.75227877;1.59E-07;9.09E-06
88.84977721;1.59E-07;9.09E-06
89.96100182;1.59E-07;9.09E-06
91.08612427;1.59E-07;9.09E-06
92.22531838;1.59E-07;9.09E-06
93.37876014;1.59E-07;9.09E-06
94.54662774;1.59E-07;9.08E-06
95.72910161;1.59E-07;9.08E-06
96.92636441;1.59E-07;9.08E-06
98.13860112;1.58E-07;9.08E-06
99.36599901;1.58E-07;9.08E-06
100.6087477;1.58E-07;9.08E-06
101.8670392;1.58E-07;9.08E-06
103.1410678;1.58E-07;9.08E-06
104.4310304;1.58E-07;9.08E-06
105.7371263;1.58E-07;9.08E-06
107.0595573;1.58E-07;9.08E-06
108.3985276;1.58E-07;9.08E-06
109.7542442;1.58E-07;9.08E-06
111.1269163;1.58E-07;9.08E-06
112.5167562;1.58E-07;9.08E-06
113.9239785;1.58E-07;9.08E-06
115.3488007;1.58E-07;9.08E-06
116.7914427;1.58E-07;9.08E-06
118.2521276;1.58E-07;9.08E-06
119.7310809;1.58E-07;9.08E-06
121.2285312;1.58E-07;9.08E-06
122.7447098;1.58E-07;9.08E-06
124.2798508;1.58E-07;9.08E-06
125.8341916;1.58E-07;9.08E-06
127.4079721;1.58E-07;9.08E-06
129.0014356;1.58E-07;9.08E-06
130.6148282;1.58E-07;9.08E-06
132.2483991;1.58E-07;9.08E-06
133.9024007;1.58E-07;9.08E-06
135.5770886;1.58E-07;9.08E-06
137.2727214;1.58E-07;9.08E-06
138.9895611;1.58E-07;9.08E-06
140.7278729;1.58E-07;9.08E-06
142.4879255;1.58E-07;9.08E-06
144.2699906;1.58E-07;9.08E-06
146.0743436;1.58E-07;9.08E-06
147.9012633;1.58E-07;9.08E-06
149.7510318;1.58E-07;9.08E-06
151.623935;1.58E-07;9.08E-06
153.5202622;1.58E-07;9.08E-06
155.4403063;1.58E-07;9.08E-06
157.3843641;1.58E-07;9.08E-06
159.3527357;1.58E-07;9.08E-06
161.3457253;1.58E-07;9.08E-06
163.3636407;1.58E-07;9.08E-06
165.4067938;1.58E-07;9.08E-06
167.4755002;1.58E-07;9.08E-06
169.5700794;1.58E-07;9.08E-06
171.6908551;1.58E-07;9.08E-06
173.8381548;1.58E-07;9.08E-06
176.0123104;1.58E-07;9.08E-06
178.2136576;1.58E-07;9.09E-06
180.4425366;1.58E-07;9.09E-06
182.6992917;1.58E-07;9.09E-06
184.9842715;1.58E-07;9.09E-06
187.2978291;1.58E-07;9.09E-06
189.6403218;1.58E-07;9.09E-06
192.0121116;1.58E-07;9.09E-06
194.4135648;1.58E-07;9.09E-06
196.8450525;1.58E-07;9.09E-06
199.3069502;1.58E-07;9.09E-06
201.7996384;1.58E-07;9.09E-06
204.3235021;1.58E-07;9.09E-06
206.8789311;1.58E-07;9.09E-06
209.4663204;1.58E-07;9.09E-06
212.0860696;1.58E-07;9.09E-06
214.7385834;1.58E-07;9.09E-06
217.4242716;1.58E-07;9.10E-06
220.1435491;1.58E-07;9.10E-06
222.896836;1.59E-07;9.10E-06
225.6845577;1.59E-07;9.10E-06
228.5071448;1.59E-07;9.10E-06
231.3650333;1.59E-07;9.10E-06
234.2586649;1.59E-07;9.10E-06
237.1884865;1.59E-07;9.10E-06
240.1549507;1.59E-07;9.10E-06
243.1585158;1.59E-07;9.10E-06
246.1996458;1.59E-07;9.11E-06
249.2788106;1.59E-07;9.11E-06
252.3964858;1.59E-07;9.11E-06
255.5531531;1.59E-07;9.11E-06
258.7493002;1.59E-07;9.11E-06
261.9854207;1.59E-07;9.11E-06
265.2620147;1.59E-07;9.11E-06
268.5795884;1.59E-07;9.12E-06
271.9386542;1.59E-07;9.12E-06
275.3397311;1.59E-07;9.12E-06
278.7833445;1.59E-07;9.12E-06
282.2700264;1.59E-07;9.12E-06
285.8003155;1.59E-07;9.12E-06
289.3747572;1.59E-07;9.13E-06
292.9939036;1.59E-07;9.13E-06
296.6583139;1.59E-07;9.13E-06
300.3685541;1.59E-07;9.13E-06
304.1251975;1.59E-07;9.13E-06
307.9288244;1.59E-07;9.14E-06
311.7800225;1.59E-07;9.14E-06
315.6793866;1.59E-07;9.14E-06
319.6275192;1.59E-07;9.14E-06
323.6250302;1.59E-07;9.14E-06
327.6725373;1.59E-07;9.15E-06
331.7706656;1.59E-07;9.15E-06
335.9200483;1.59E-07;9.15E-06
340.1213264;1.59E-07;9.15E-06
344.375149;1.59E-07;9.16E-06
348.6821732;1.59E-07;9.16E-06
353.0430644;1.59E-07;9.16E-06
357.4584963;1.59E-07;9.16E-06
361.929151;1.59E-07;9.17E-06
366.4557193;1.59E-07;9.17E-06
371.0389003;1.59E-07;9.17E-06
375.6794022;1.59E-07;9.18E-06
380.3779418;1.59E-07;9.18E-06
385.135245;1.59E-07;9.18E-06
389.9520467;1.59E-07;9.19E-06
394.8290912;1.59E-07;9.19E-06
399.7671317;1.59E-07;9.19E-06
404.7669313;1.59E-07;9.20E-06
409.8292622;1.59E-07;9.20E-06
414.9549066;1.59E-07;9.21E-06
420.1446563;1.59E-07;9.21E-06
425.399313;1.59E-07;9.21E-06
430.7196886;1.59E-07;9.22E-06
436.106605;1.60E-07;9.22E-06
441.5608943;1.60E-07;9.23E-06
447.0833992;1.60E-07;9.23E-06
452.6749729;1.60E-07;9.24E-06
458.3364792;1.60E-07;9.24E-06
464.0687926;1.60E-07;9.25E-06
469.8727989;1.60E-07;9.25E-06
475.7493946;1.60E-07;9.26E-06
481.6994876;1.60E-07;9.26E-06
487.723997;1.60E-07;9.27E-06
493.8238537;1.60E-07;9.27E-06
500;1.60E-07;9.28E-06
506.25339;1.60E-07;9.28E-06
512.5849897;1.60E-07;9.29E-06
518.9957774;1.60E-07;9.30E-06
525.4867433;1.60E-07;9.30E-06
532.0588904;1.60E-07;9.31E-06
538.7132338;1.60E-07;9.31E-06
545.4508017;1.60E-07;9.32E-06
552.2726348;1.60E-07;9.33E-06
559.1797871;1.60E-07;9.34E-06
566.1733257;1.60E-07;9.34E-06
573.2543308;1.60E-07;9.35E-06
580.4238966;1.60E-07;9.36E-06
587.6831305;1.60E-07;9.37E-06
595.0331541;1.60E-07;9.37E-06
602.4751028;1.60E-07;9.38E-06
610.0101263;1.60E-07;9.39E-06
617.6393887;1.60E-07;9.40E-06
625.3640686;1.60E-07;9.41E-06
633.1853594;1.60E-07;9.42E-06
641.1044694;1.60E-07;9.43E-06
649.1226219;1.60E-07;9.44E-06
657.2410556;1.60E-07;9.45E-06
665.4610249;1.60E-07;9.46E-06
673.7837995;1.60E-07;9.47E-06
682.2106652;1.60E-07;9.48E-06
690.7429238;1.60E-07;9.49E-06
699.3818935;1.60E-07;9.50E-06
708.128909;1.60E-07;9.51E-06
716.9853214;1.60E-07;9.52E-06
725.952499;1.60E-07;9.53E-06
735.0318272;1.60E-07;9.54E-06
744.2247085;1.60E-07;9.56E-06
753.5325631;1.60E-07;9.57E-06
762.956829;1.60E-07;9.58E-06
772.4989622;1.60E-07;9.60E-06
782.1604367;1.59E-07;9.61E-06
791.9427451;1.59E-07;9.62E-06
801.8473988;1.59E-07;9.64E-06
811.8759277;1.59E-07;9.65E-06
822.0298813;1.59E-07;9.67E-06
832.3108281;1.59E-07;9.68E-06
842.7203564;1.59E-07;9.70E-06
853.2600745;1.59E-07;9.71E-06
863.9316104;1.59E-07;9.73E-06
874.736613;1.58E-07;9.75E-06
885.6767513;1.58E-07;9.76E-06
896.7537155;1.58E-07;9.78E-06
907.9692168;1.58E-07;9.80E-06
919.324988;1.58E-07;9.82E-06
930.8227833;1.57E-07;9.84E-06
942.464379;1.57E-07;9.86E-06
954.2515736;1.57E-07;9.88E-06
966.186188;1.57E-07;9.90E-06
978.270066;1.56E-07;9.92E-06
990.5050745;1.56E-07;9.94E-06
1002.893103;1.56E-07;9.96E-06
1015.436067;1.55E-07;9.98E-06
1028.135902;1.55E-07;1.00E-05
1040.994572;1.55E-07;1.00E-05
1054.014062;1.54E-07;1.01E-05
1067.196384;1.54E-07;1.01E-05
1080.543574;1.53E-07;1.01E-05
1094.057695;1.53E-07;1.01E-05
1107.740833;1.52E-07;1.02E-05
1121.595104;1.52E-07;1.02E-05
1135.622647;1.51E-07;1.02E-05
1149.82563;1.51E-07;1.02E-05
1164.206246;1.50E-07;1.03E-05
1178.766717;1.50E-07;1.03E-05
1193.509293;1.49E-07;1.03E-05
1208.436251;1.48E-07;1.04E-05
1223.549897;1.48E-07;1.04E-05
1238.852567;1.47E-07;1.04E-05
1254.346623;1.46E-07;1.04E-05
1270.03446;1.46E-07;1.05E-05
1285.918502;1.45E-07;1.05E-05
1302.001202;1.44E-07;1.05E-05
1318.285044;1.43E-07;1.06E-05
1334.772545;1.43E-07;1.06E-05
1351.466251;1.42E-07;1.07E-05
1368.368742;1.41E-07;1.07E-05
1385.482629;1.40E-07;1.07E-05
1402.810555;1.39E-07;1.08E-05
1420.355198;1.38E-07;1.08E-05
1438.119268;1.37E-07;1.09E-05
1456.105509;1.36E-07;1.09E-05
1474.316701;1.35E-07;1.09E-05
1492.755655;1.34E-07;1.10E-05
1511.425221;1.33E-07;1.10E-05
1530.328284;1.32E-07;1.11E-05
1549.467763;1.31E-07;1.11E-05
1568.846615;1.30E-07;1.12E-05
1588.467835;1.28E-07;1.12E-05
1608.334452;1.27E-07;1.13E-05
1628.449537;1.26E-07;1.13E-05
1648.816197;1.25E-07;1.14E-05
1669.437579;1.24E-07;1.14E-05
1690.316867;1.22E-07;1.15E-05
1711.457288;1.21E-07;1.15E-05
1732.862108;1.20E-07;1.16E-05
1754.534633;1.19E-07;1.16E-05
1776.478211;1.17E-07;1.17E-05
1798.696233;1.16E-07;1.18E-05
1821.192131;1.15E-07;1.18E-05
1843.969381;1.14E-07;1.19E-05
1867.0315;1.12E-07;1.19E-05
1890.382052;1.11E-07;1.20E-05
1914.024644;1.10E-07;1.21E-05
1937.962929;1.08E-07;1.21E-05
1962.200605;1.07E-07;1.22E-05
1986.741416;1.06E-07;1.23E-05
2011.589154;1.05E-07;1.24E-05
2036.747657;1.03E-07;1.24E-05
2062.220811;1.02E-07;1.25E-05
2088.012553;1.01E-07;1.26E-05
2114.126867;9.93E-08;1.27E-05
2140.567786;9.80E-08;1.27E-05
2167.339396;9.68E-08;1.28E-05
2194.445833;9.55E-08;1.29E-05
2221.891284;9.42E-08;1.30E-05
2249.67999;9.29E-08;1.31E-05
2277.816242;9.17E-08;1.31E-05
2306.304389;9.04E-08;1.32E-05
2335.14883;8.92E-08;1.33E-05
2364.354023;8.80E-08;1.34E-05
2393.924478;8.68E-08;1.35E-05
2423.864765;8.56E-08;1.36E-05
2454.179508;8.44E-08;1.37E-05
2484.873391;8.32E-08;1.38E-05
2515.951155;8.20E-08;1.39E-05
2547.417603;8.08E-08;1.40E-05
2579.277594;7.97E-08;1.41E-05
2611.536051;7.86E-08;1.42E-05
2644.197958;7.74E-08;1.43E-05
2677.26836;7.63E-08;1.44E-05
2710.752366;7.52E-08;1.45E-05
2744.655149;7.42E-08;1.47E-05
2778.981947;7.31E-08;1.48E-05
2813.738063;7.20E-08;1.49E-05
2848.928866;7.10E-08;1.50E-05
2884.559792;7.00E-08;1.51E-05
2920.636346;6.90E-08;1.53E-05
2957.164102;6.80E-08;1.54E-05
2994.148703;6.70E-08;1.55E-05
3031.595862;6.60E-08;1.56E-05
3069.511364;6.51E-08;1.58E-05
3107.901067;6.41E-08;1.59E-05
3146.770902;6.32E-08;1.60E-05
3186.126873;6.23E-08;1.62E-05
3225.975061;6.14E-08;1.63E-05
3266.321621;6.05E-08;1.65E-05
3307.172787;5.96E-08;1.66E-05
3348.534869;5.88E-08;1.68E-05
3390.414257;5.79E-08;1.69E-05
3432.817422;5.71E-08;1.71E-05
3475.750914;5.63E-08;1.72E-05
3519.221366;5.54E-08;1.74E-05
3563.235493;5.47E-08;1.76E-05
3607.800095;5.39E-08;1.77E-05
3652.922057;5.31E-08;1.79E-05
3698.608349;5.23E-08;1.81E-05
3744.86603;5.16E-08;1.82E-05
3791.702245;5.09E-08;1.84E-05
3839.124231;5.01E-08;1.86E-05
3887.139313;4.94E-08;1.88E-05
3935.754909;4.87E-08;1.90E-05
3984.978529;4.81E-08;1.91E-05
4034.817779;4.74E-08;1.93E-05
4085.280357;4.67E-08;1.95E-05
4136.374059;4.61E-08;1.97E-05
4188.106779;4.54E-08;1.99E-05
4240.486509;4.48E-08;2.01E-05
4293.52134;4.42E-08;2.03E-05
4347.219467;4.36E-08;2.06E-05
4401.589184;4.30E-08;2.08E-05
4456.638891;4.24E-08;2.10E-05
4512.377093;4.18E-08;2.12E-05
4568.8124;4.12E-08;2.14E-05
4625.953531;4.07E-08;2.17E-05
4683.809314;4.01E-08;2.19E-05
4742.388686;3.96E-08;2.21E-05
4801.700698;3.90E-08;2.24E-05
4861.754512;3.85E-08;2.26E-05
4922.559406;3.80E-08;2.29E-05
4984.124773;3.75E-08;2.31E-05
5046.460125;3.70E-08;2.34E-05
5109.575091;3.65E-08;2.36E-05
5173.479422;3.60E-08;2.39E-05
5238.18299;3.55E-08;2.42E-05
5303.695792;3.50E-08;2.44E-05
5370.027948;3.46E-08;2.47E-05
5437.189706;3.41E-08;2.50E-05
5505.191441;3.37E-08;2.53E-05
5574.043659;3.32E-08;2.56E-05
5643.756996;3.28E-08;2.59E-05
5714.342223;3.24E-08;2.62E-05
5785.810244;3.20E-08;2.65E-05
5858.172099;3.16E-08;2.68E-05
5931.438968;3.11E-08;2.71E-05
6005.62217;3.07E-08;2.74E-05
6080.733165;3.04E-08;2.78E-05
6156.783556;3.00E-08;2.81E-05
6233.785093;2.96E-08;2.84E-05
6311.749671;2.92E-08;2.88E-05
6390.689335;2.88E-08;2.91E-05
6470.616281;2.85E-08;2.95E-05
6551.542854;2.81E-08;2.98E-05
6633.481559;2.78E-08;3.02E-05
6716.445053;2.74E-08;3.06E-05
6800.446153;2.71E-08;3.09E-05
6885.497837;2.68E-08;3.13E-05
6971.613243;2.64E-08;3.17E-05
7058.805675;2.61E-08;3.21E-05
7147.088604;2.58E-08;3.25E-05
7236.475669;2.55E-08;3.29E-05
7326.980677;2.52E-08;3.33E-05
7418.617612;2.49E-08;3.38E-05
7511.40063;2.46E-08;3.42E-05
7605.344064;2.43E-08;3.46E-05
7700.462429;2.40E-08;3.51E-05
7796.770418;2.37E-08;3.55E-05
7894.282909;2.34E-08;3.60E-05
7993.014968;2.31E-08;3.64E-05
8092.981848;2.29E-08;3.69E-05
8194.19899;2.26E-08;3.74E-05
8296.682034;2.23E-08;3.79E-05
8400.44681;2.21E-08;3.84E-05
8505.50935;2.18E-08;3.89E-05
8611.885883;2.16E-08;3.94E-05
8719.592845;2.13E-08;3.99E-05
8828.646873;2.11E-08;4.05E-05
8939.064817;2.08E-08;4.10E-05
9050.863733;2.06E-08;4.16E-05
9164.060894;2.04E-08;4.21E-05
9278.673787;2.01E-08;4.27E-05
9394.720118;1.99E-08;4.33E-05
9512.217815;1.97E-08;4.39E-05
9631.18503;1.95E-08;4.45E-05
9751.640141;1.93E-08;4.51E-05
9873.601758;1.90E-08;4.57E-05
9997.088723;1.88E-08;4.63E-05
10122.12011;1.86E-08;4.70E-05
10248.71524;1.84E-08;4.76E-05
10376.89367;1.82E-08;4.83E-05
10506.67519;1.80E-08;4.90E-05
10638.07987;1.78E-08;4.97E-05
10771.12799;1.76E-08;5.04E-05
10905.84012;1.75E-08;5.11E-05
11042.23706;1.73E-08;5.18E-05
11180.33989;1.71E-08;5.26E-05
11320.16994;1.69E-08;5.33E-05
11461.74881;1.67E-08;5.41E-05
11605.09838;1.66E-08;5.49E-05
11750.24079;1.64E-08;5.57E-05
11897.19847;1.62E-08;5.65E-05
12045.99411;1.61E-08;5.74E-05
12196.65071;1.59E-08;5.82E-05
12349.19154;1.57E-08;5.91E-05
12503.64016;1.56E-08;6.00E-05
12660.02043;1.54E-08;6.09E-05
12818.35652;1.53E-08;6.18E-05
12978.67289;1.51E-08;6.27E-05
13140.99429;1.50E-08;6.37E-05
13305.34581;1.48E-08;6.46E-05
13471.75285;1.47E-08;6.56E-05
13640.24109;1.46E-08;6.66E-05
13810.83659;1.44E-08;6.77E-05
13983.56568;1.43E-08;6.87E-05
14158.45506;1.42E-08;6.98E-05
14335.53174;1.40E-08;7.09E-05
14514.82308;1.39E-08;7.20E-05
14696.35678;1.38E-08;7.31E-05
14880.16088;1.36E-08;7.43E-05
15066.26378;1.35E-08;7.55E-05
15254.69422;1.34E-08;7.67E-05
15445.48133;1.33E-08;7.79E-05
15638.65456;1.32E-08;7.92E-05
15834.24377;1.30E-08;8.05E-05
16032.27917;1.29E-08;8.18E-05
16232.79136;1.28E-08;8.31E-05
16435.81131;1.27E-08;8.45E-05
16641.37039;1.26E-08;8.59E-05
16849.50034;1.25E-08;8.73E-05
17060.23334;1.24E-08;8.87E-05
17273.60192;1.23E-08;9.02E-05
17489.63906;1.22E-08;9.17E-05
17708.37812;1.21E-08;9.33E-05
17929.85291;1.20E-08;9.49E-05
18154.09764;1.19E-08;9.65E-05
18381.14694;1.18E-08;9.81E-05
18611.0359;1.17E-08;9.98E-05
18843.80003;1.16E-08;0.000101557
19079.47529;1.15E-08;0.00010332
19318.09809;1.15E-08;0.000105121
19559.70529;1.14E-08;0.000106961
19804.33422;1.13E-08;0.000108843
20052.02267;1.12E-08;0.000110766
20302.8089;1.11E-08;0.000112732
20556.73167;1.10E-08;0.000114742
20813.83019;1.10E-08;0.000116797
21074.14418;1.09E-08;0.000118898
21337.71386;1.08E-08;0.000121046
21604.57995;1.07E-08;0.000123243
21874.78368;1.07E-08;0.000125489
22148.36679;1.06E-08;0.000127787
22425.37153;1.05E-08;0.000130137
22705.84072;1.05E-08;0.000132541
22989.81767;1.04E-08;0.000135
23277.34626;1.03E-08;0.000137515
23568.47091;1.03E-08;0.000140088
23863.23659;1.02E-08;0.000142721
24161.68884;1.01E-08;0.000145415
24463.87376;1.01E-08;0.000148171
24769.83805;1.00E-08;0.000150991
25079.62896;9.95E-09;0.000153878
25393.29436;9.89E-09;0.000156831
25710.88271;9.84E-09;0.000159854
26032.44306;9.78E-09;0.000162947
26358.02509;9.73E-09;0.000166114
26687.67911;9.67E-09;0.000169355
27021.45604;9.62E-09;0.000172673
27359.40745;9.57E-09;0.000176069
27701.58553;9.52E-09;0.000179546
28048.04317;9.47E-09;0.000183105
28398.83387;9.42E-09;0.000186749
28754.01184;9.37E-09;0.00019048
29113.63193;9.33E-09;0.0001943
29477.74972;9.28E-09;0.000198212
29846.42145;9.24E-09;0.000202217
30219.70407;9.19E-09;0.000206319
30597.65526;9.15E-09;0.000210519
30980.3334;9.11E-09;0.00021482
31367.79761;9.06E-09;0.000219225
31760.10776;9.02E-09;0.000223736
32157.32443;8.98E-09;0.000228357
32559.50901;8.95E-09;0.000233089
32966.72363;8.91E-09;0.000237936
33379.03118;8.87E-09;0.000242901
33796.49538;8.83E-09;0.000247987
34219.18071;8.80E-09;0.000253196
34647.15247;8.76E-09;0.000258532
35080.47678;8.73E-09;0.000263999
35519.22059;8.69E-09;0.000269599
35963.45166;8.66E-09;0.000275336
36413.23864;8.63E-09;0.000281213
36868.651;8.60E-09;0.000287235
37329.7591;8.57E-09;0.000293404
37796.63419;8.54E-09;0.000299724
38269.34837;8.51E-09;0.0003062
38747.97469;8.48E-09;0.000312835
39232.58708;8.45E-09;0.000319633
39723.26041;8.42E-09;0.000326599
40220.07049;8.39E-09;0.000333737
40723.09406;8.37E-09;0.00034105
41232.40883;8.34E-09;0.000348544
41748.0935;8.32E-09;0.000356224
42270.22771;8.29E-09;0.000364093
42798.89215;8.27E-09;0.000372157
43334.16848;8.24E-09;0.00038042
43876.13938;8.22E-09;0.000388888
44424.8886;8.20E-09;0.000397566
44980.50091;8.17E-09;0.00040646
45543.06213;8.15E-09;0.000415574
46112.65919;8.13E-09;0.000424914
46689.38007;8.11E-09;0.000434486
47273.31387;8.09E-09;0.000444297
47864.5508;8.07E-09;0.000454351
48463.18221;8.05E-09;0.000464655
49069.30056;8.03E-09;0.000475216
49682.9995;8.01E-09;0.000486039
50304.37384;7.99E-09;0.000497132
50933.51958;7.97E-09;0.000508502
51570.5339;7.96E-09;0.000520155
52215.51521;7.94E-09;0.000532099
52868.56317;7.92E-09;0.00054434
53529.77866;7.91E-09;0.000556887
54199.26382;7.89E-09;0.000569747
54877.12208;7.88E-09;0.000582929
55563.45817;7.86E-09;0.000596439
56258.37811;7.84E-09;0.000610287
56961.98927;7.83E-09;0.000624482
57674.40033;7.82E-09;0.000639031
58395.72136;7.80E-09;0.000653943
59126.0638;7.79E-09;0.000669229
59865.54047;7.77E-09;0.000684897
60614.26561;7.76E-09;0.000700957
61372.35489;7.75E-09;0.000717419
62139.92542;7.74E-09;0.000734294
62917.09579;7.72E-09;0.00075159
63703.98607;7.71E-09;0.00076932
64500.7178;7.70E-09;0.000787494
65307.41408;7.69E-09;0.000806122
66124.19954;7.68E-09;0.000825218
66951.20035;7.67E-09;0.000844792
67788.54428;7.66E-09;0.000864857
68636.36068;7.65E-09;0.000885424
69494.78054;7.64E-09;0.000906507
70363.93646;7.63E-09;0.000928119
71243.96273;7.62E-09;0.000950272
72134.9953;7.61E-09;0.000972981
73037.17181;7.60E-09;0.000996259
73950.63164;7.59E-09;0.001020121
74875.51592;7.58E-09;0.001044581
75811.96751;7.57E-09;0.001069655
76760.13111;7.56E-09;0.001095358
77720.15317;7.55E-09;0.001121705
78692.18203;7.55E-09;0.001148714
79676.36783;7.54E-09;0.001176399
80672.86263;7.53E-09;0.001204779
81681.82036;7.52E-09;0.001233871
82703.39692;7.52E-09;0.001263693
83737.7501;7.51E-09;0.001294263
84785.03971;7.50E-09;0.001325599
85845.42754;7.49E-09;0.001357722
86919.07741;7.49E-09;0.00139065
88006.15519;7.48E-09;0.001424404
89106.8288;7.47E-09;0.001459004
90221.2683;7.47E-09;0.001494472
91349.64585;7.46E-09;0.001530829
92492.13576;7.46E-09;0.001568097
93648.91455;7.45E-09;0.0016063
94820.16091;7.44E-09;0.00164546
96006.0558;7.44E-09;0.001685601
97206.78241;7.43E-09;0.001726747
98422.52624;7.43E-09;0.001768924
99653.47512;7.42E-09;0.001812158
100899.8192;7.42E-09;0.001856473
102161.751;7.41E-09;0.001901897
103439.4656;7.41E-09;0.001948458
104733.1602;7.40E-09;0.001996183
106043.0348;7.40E-09;0.002045101
107369.2917;7.39E-09;0.002095241
108712.1358;7.39E-09;0.002146634
110071.7745;7.39E-09;0.002199309
111448.418;7.38E-09;0.002253299
112842.2788;7.38E-09;0.002308635
114253.5724;7.37E-09;0.00236535
115682.5167;7.37E-09;0.002423478
117129.3325;7.37E-09;0.002483051
118594.2432;7.36E-09;0.002544106
120077.4753;7.36E-09;0.002606678
121579.2579;7.35E-09;0.002670803
123099.8229;7.35E-09;0.002736517
124639.4053;7.35E-09;0.002803859
126198.2429;7.34E-09;0.002872867
127776.5766;7.34E-09;0.002943579
129374.6501;7.34E-09;0.003016036
130992.7104;7.33E-09;0.003090278
132631.0074;7.33E-09;0.003166345
134289.7942;7.33E-09;0.00324428
135969.3271;7.33E-09;0.003324125
137669.8655;7.32E-09;0.003405922
139391.6723;7.32E-09;0.003489714
141135.0132;7.32E-09;0.003575547
142900.1578;7.31E-09;0.003663463
144687.3786;7.31E-09;0.003753508
146496.9518;7.31E-09;0.003845726
148329.1569;7.31E-09;0.003940162
150184.2771;7.30E-09;0.004036863
152062.5988;7.30E-09;0.004135874
153964.4122;7.30E-09;0.00423724
155890.0112;7.30E-09;0.004341006
157839.6933;7.29E-09;0.004447217
159813.7596;7.29E-09;0.004555919
161812.5151;7.29E-09;0.004667155
163836.2686;7.29E-09;0.004780969
165885.3328;7.29E-09;0.004897403
167960.0241;7.28E-09;0.005016498
170060.6632;7.28E-09;0.005138295
172187.5745;7.28E-09;0.005262831
174341.0866;7.28E-09;0.005390143
176521.5322;7.27E-09;0.005520265
178729.2481;7.27E-09;0.005653229
180964.5755;7.27E-09;0.005789062
183227.8596;7.27E-09;0.00592779
185519.4502;7.27E-09;0.006069434
187839.7011;7.27E-09;0.00621401
190188.9709;7.26E-09;0.006361532
192567.6225;7.26E-09;0.006512006
194976.0234;7.26E-09;0.006665431
197414.5456;7.26E-09;0.006821803
199883.5659;7.26E-09;0.006981108
202383.4656;7.26E-09;0.007143324
204914.6311;7.25E-09;0.007308421
207477.4533;7.25E-09;0.00747636
210072.3281;7.25E-09;0.007647089
212699.6565;7.25E-09;0.007820547
215359.8443;7.25E-09;0.00799666
218053.3025;7.25E-09;0.008175341
220780.4471;7.24E-09;0.008356487
223541.6996;7.24E-09;0.008539982
226337.4865;7.24E-09;0.008725693
229168.2396;7.24E-09;0.00891347
232034.3963;7.24E-09;0.009103144
234936.3995;7.24E-09;0.009294528
237874.6973;7.24E-09;0.009487416
240849.7438;7.23E-09;0.009681579
243861.9985;7.23E-09;0.00987677
246911.9269;7.23E-09;0.010072719
250000;7.23E-09;0.010269133
 ;;
